purchase_id,user_id,book_id,quantity,price,purchase_date
1,1,B009,1,687.7,2026-04-15T04:00:00
2,1,B008,1,765.6,2026-02-13T11:00:00
3,1,B019,2,312.86,2026-03-09T19:00:00
4,1,B013,1,574.36,2026-04-25T16:00:00
5,1,B008,1,765.6,2025-12-15T03:00:00
6,1,B002,1,370.42,2025-04-19T20:00:00
7,1,B016,1,661.88,2025-01-01T19:00:00
8,1,B016,1,661.88,2025-11-11T07:00:00
9,1,B002,2,370.42,2025-06-19T08:00:00
10,1,B018,1,393.58,2025-07-25T22:00:00
11,1,B010,1,349.72,2026-06-14T14:00:00
12,2,B010,2,349.72,2026-02-21T06:00:00
13,2,B015,2,603.15,2025-04-22T07:00:00
14,2,B002,1,370.42,2025-10-13T14:00:00
15,2,B007,1,492.66,2025-06-20T13:00:00
16,2,B010,2,349.72,2025-03-02T05:00:00
17,2,B007,2,492.66,2026-04-11T09:00:00
18,2,B010,2,349.72,2025-11-18T01:00:00
19,2,B017,1,797.72,2025-03-12T19:00:00
20,3,B008,1,765.6,2025-04-17T04:00:00
21,3,B018,1,393.58,2025-06-09T08:00:00
22,3,B020,1,690.27,2025-04-05T20:00:00
23,3,B002,1,370.42,2026-03-14T17:00:00
24,3,B004,1,612.34,2025-06-02T17:00:00
25,3,B006,1,591.87,2025-06-01T13:00:00
26,4,B006,1,591.87,2025-07-01T13:00:00
27,4,B015,2,603.15,2026-04-27T07:00:00
28,4,B018,1,393.58,2025-08-22T07:00:00
29,5,B019,2,312.86,2025-07-14T08:00:00
30,5,B001,1,646.6,2025-07-21T11:00:00
31,5,B002,1,370.42,2026-02-23T10:00:00
32,5,B001,2,646.6,2025-01-01T09:00:00
33,5,B006,1,591.87,2025-11-26T14:00:00
34,5,B016,1,661.88,2025-06-23T21:00:00
35,5,B006,1,591.87,2026-01-29T15:00:00
36,6,B018,2,393.58,2025-09-13T03:00:00
37,6,B003,2,672.69,2025-09-11T20:00:00
38,6,B016,1,661.88,2025-10-09T14:00:00
39,6,B013,1,574.36,2025-11-24T17:00:00
40,6,B008,1,765.6,2025-08-08T02:00:00
41,7,B002,2,370.42,2025-08-14T15:00:00
42,7,B019,2,312.86,2025-03-27T20:00:00
43,7,B001,1,646.6,2026-01-24T10:00:00
44,7,B011,1,263.92,2025-09-16T02:00:00
45,7,B007,1,492.66,2025-06-06T07:00:00
46,8,B014,1,254.16,2025-02-12T11:00:00
47,8,B010,1,349.72,2026-04-16T22:00:00
48,8,B005,1,352.05,2026-05-11T14:00:00
49,8,B015,2,603.15,2025-09-09T02:00:00
50,8,B017,1,797.72,2026-01-24T10:00:00
51,8,B006,1,591.87,2025-12-30T08:00:00
52,8,B017,2,797.72,2026-06-14T06:00:00
53,8,B008,2,765.6,2025-09-04T22:00:00
54,8,B017,2,797.72,2025-01-18T02:00:00
55,9,B006,1,591.87,2026-06-22T19:00:00
56,9,B020,1,690.27,2025-10-31T07:00:00
57,9,B012,1,621.61,2025-05-10T08:00:00
58,9,B009,2,687.7,2025-01-13T18:00:00
59,9,B005,2,352.05,2025-07-08T01:00:00
60,9,B004,1,612.34,2026-02-15T15:00:00
61,9,B005,2,352.05,2025-08-20T16:00:00
62,9,B019,1,312.86,2025-08-01T20:00:00
63,9,B013,2,574.36,2025-03-18T05:00:00
64,9,B004,1,612.34,2026-04-27T09:00:00
65,9,B004,1,612.34,2025-07-22T13:00:00
66,9,B013,1,574.36,2025-09-30T04:00:00
67,10,B011,2,263.92,2025-06-29T15:00:00
68,10,B007,2,492.66,2025-07-05T18:00:00
69,10,B003,1,672.69,2026-04-27T11:00:00
70,10,B013,2,574.36,2025-06-14T10:00:00
71,10,B013,1,574.36,2026-02-15T17:00:00
72,10,B011,1,263.92,2026-02-28T01:00:00
73,10,B002,1,370.42,2026-05-26T20:00:00
74,10,B001,2,646.6,2025-05-15T09:00:00
75,10,B011,1,263.92,2025-09-03T22:00:00
76,10,B003,2,672.69,2026-06-06T22:00:00
77,11,B018,2,393.58,2026-05-11T11:00:00
78,11,B009,2,687.7,2025-08-28T13:00:00
79,11,B018,1,393.58,2026-06-23T14:00:00
80,11,B019,1,312.86,2025-06-08T02:00:00
81,11,B014,1,254.16,2026-02-12T20:00:00
82,11,B020,1,690.27,2026-05-15T17:00:00
83,11,B013,1,574.36,2025-08-21T23:00:00
84,12,B007,2,492.66,2025-07-04T05:00:00
85,12,B018,1,393.58,2025-09-18T14:00:00
86,12,B016,2,661.88,2025-12-20T18:00:00
87,12,B005,2,352.05,2026-04-13T09:00:00
88,12,B005,1,352.05,2025-04-20T07:00:00
89,13,B018,1,393.58,2025-07-14T19:00:00
90,13,B018,1,393.58,2026-03-02T05:00:00
91,13,B015,2,603.15,2025-10-07T05:00:00
92,13,B016,1,661.88,2026-04-25T02:00:00
93,13,B006,2,591.87,2026-02-11T17:00:00
94,14,B011,1,263.92,2025-12-02T19:00:00
95,14,B017,2,797.72,2026-04-21T22:00:00
96,14,B015,2,603.15,2025-05-19T12:00:00
97,14,B019,1,312.86,2026-02-22T08:00:00
98,14,B003,1,672.69,2025-08-30T11:00:00
99,14,B006,1,591.87,2026-01-03T01:00:00
100,15,B020,1,690.27,2025-09-14T05:00:00
101,15,B001,1,646.6,2025-09-01T18:00:00
102,15,B006,1,591.87,2025-05-10T23:00:00
103,15,B016,1,661.88,2025-04-22T14:00:00
104,15,B003,1,672.69,2026-06-18T09:00:00
105,15,B011,1,263.92,2025-06-01T02:00:00
106,15,B016,2,661.88,2025-10-29T14:00:00
107,15,B004,1,612.34,2025-08-09T13:00:00
108,15,B016,1,661.88,2026-04-10T12:00:00
109,15,B016,1,661.88,2025-11-17T21:00:00
110,15,B012,1,621.61,2026-05-01T02:00:00
111,15,B020,1,690.27,2025-12-04T21:00:00
112,15,B020,1,690.27,2026-03-10T23:00:00
113,16,B011,1,263.92,2025-10-01T00:00:00
114,16,B004,1,612.34,2025-12-26T00:00:00
115,16,B010,1,349.72,2026-02-15T02:00:00
116,16,B016,1,661.88,2025-08-09T12:00:00
117,16,B004,1,612.34,2026-03-29T13:00:00
118,16,B009,1,687.7,2026-06-24T21:00:00
119,16,B012,1,621.61,2025-02-26T00:00:00
120,16,B014,1,254.16,2025-09-19T09:00:00
121,17,B003,1,672.69,2026-03-04T09:00:00
122,17,B010,1,349.72,2025-06-25T19:00:00
123,17,B018,1,393.58,2025-07-18T11:00:00
124,17,B002,1,370.42,2025-09-20T06:00:00
125,17,B001,2,646.6,2025-11-27T20:00:00
126,17,B020,1,690.27,2025-03-17T09:00:00
127,17,B014,1,254.16,2026-06-04T12:00:00
128,18,B013,1,574.36,2025-10-17T12:00:00
129,18,B010,1,349.72,2026-01-31T09:00:00
130,18,B005,2,352.05,2025-05-25T11:00:00
131,18,B002,1,370.42,2025-11-14T17:00:00
132,18,B017,1,797.72,2026-01-06T00:00:00
133,18,B007,1,492.66,2025-12-16T15:00:00
134,18,B006,1,591.87,2025-05-15T19:00:00
135,18,B007,2,492.66,2025-06-19T23:00:00
136,18,B010,1,349.72,2026-04-05T07:00:00
137,18,B010,2,349.72,2026-04-26T06:00:00
138,18,B006,2,591.87,2025-10-16T12:00:00
139,18,B008,1,765.6,2025-07-24T19:00:00
140,19,B014,2,254.16,2025-12-24T00:00:00
141,19,B019,1,312.86,2025-12-10T04:00:00
142,19,B006,1,591.87,2025-01-20T08:00:00
143,19,B020,1,690.27,2026-06-25T13:00:00
144,19,B002,2,370.42,2025-02-18T07:00:00
145,19,B012,1,621.61,2025-01-17T20:00:00
146,19,B020,1,690.27,2025-10-26T13:00:00
147,20,B010,2,349.72,2025-06-29T21:00:00
148,20,B008,1,765.6,2025-02-07T09:00:00
149,20,B013,2,574.36,2025-11-20T09:00:00
150,20,B020,1,690.27,2025-07-15T09:00:00
151,20,B005,1,352.05,2025-12-06T08:00:00
152,20,B001,2,646.6,2026-02-14T23:00:00
153,20,B013,1,574.36,2025-10-28T10:00:00
154,20,B016,1,661.88,2026-03-31T11:00:00
155,21,B017,1,797.72,2026-04-06T11:00:00
156,21,B013,1,574.36,2026-01-11T12:00:00
157,21,B008,2,765.6,2025-01-27T23:00:00
158,21,B006,2,591.87,2025-08-08T19:00:00
159,21,B012,2,621.61,2025-03-17T14:00:00
160,21,B008,1,765.6,2025-11-24T21:00:00
161,21,B001,1,646.6,2025-06-28T11:00:00
162,22,B008,1,765.6,2025-07-06T04:00:00
163,22,B015,1,603.15,2026-06-15T04:00:00
164,22,B012,1,621.61,2025-10-18T02:00:00
165,22,B020,1,690.27,2025-12-12T18:00:00
166,22,B015,2,603.15,2025-09-29T20:00:00
167,22,B015,2,603.15,2025-11-06T15:00:00
168,22,B015,2,603.15,2025-03-16T22:00:00
169,22,B003,1,672.69,2026-04-21T06:00:00
170,22,B010,1,349.72,2025-04-19T10:00:00
171,22,B014,1,254.16,2025-09-11T04:00:00
172,23,B020,2,690.27,2025-02-19T01:00:00
173,23,B018,1,393.58,2025-01-09T03:00:00
174,23,B003,1,672.69,2026-02-17T11:00:00
175,23,B020,1,690.27,2026-04-07T17:00:00
176,23,B020,2,690.27,2026-01-10T04:00:00
177,23,B014,1,254.16,2025-02-16T01:00:00
178,23,B002,1,370.42,2026-06-16T14:00:00
179,23,B011,1,263.92,2025-11-23T05:00:00
180,23,B013,1,574.36,2026-06-04T16:00:00
181,23,B005,1,352.05,2025-01-18T11:00:00
182,24,B009,1,687.7,2025-11-18T13:00:00
183,24,B015,1,603.15,2026-05-05T16:00:00
184,24,B010,1,349.72,2025-12-17T17:00:00
185,24,B014,1,254.16,2025-07-16T07:00:00
186,24,B011,2,263.92,2025-10-23T22:00:00
187,24,B012,2,621.61,2025-10-08T09:00:00
188,24,B017,1,797.72,2025-10-25T01:00:00
189,24,B004,2,612.34,2026-03-29T20:00:00
190,24,B001,1,646.6,2025-09-03T07:00:00
191,24,B019,2,312.86,2025-02-23T03:00:00
192,24,B001,1,646.6,2026-05-04T20:00:00
193,25,B001,1,646.6,2025-02-08T00:00:00
194,25,B016,2,661.88,2025-12-10T09:00:00
195,25,B013,1,574.36,2025-05-18T16:00:00
196,25,B001,1,646.6,2026-02-20T13:00:00
197,25,B006,1,591.87,2025-09-12T00:00:00
198,25,B016,1,661.88,2025-10-01T10:00:00
199,25,B018,1,393.58,2026-01-04T22:00:00
200,25,B016,1,661.88,2025-11-15T22:00:00
201,25,B006,1,591.87,2025-03-25T16:00:00
202,26,B010,2,349.72,2025-02-26T14:00:00
203,26,B009,1,687.7,2025-03-01T17:00:00
204,26,B003,1,672.69,2025-03-16T01:00:00
205,26,B009,1,687.7,2025-10-21T13:00:00
206,26,B003,1,672.69,2026-01-22T12:00:00
207,27,B004,1,612.34,2026-04-17T11:00:00
208,27,B009,1,687.7,2025-01-17T07:00:00
209,27,B020,2,690.27,2025-09-08T23:00:00
210,27,B015,1,603.15,2025-02-27T04:00:00
211,27,B020,1,690.27,2025-11-25T07:00:00
212,27,B010,1,349.72,2026-06-18T07:00:00
213,27,B007,2,492.66,2025-11-04T12:00:00
214,28,B017,1,797.72,2026-01-15T02:00:00
215,28,B004,1,612.34,2025-02-10T02:00:00
216,28,B010,1,349.72,2025-11-26T09:00:00
217,28,B002,1,370.42,2026-03-04T09:00:00
218,29,B004,1,612.34,2025-03-02T16:00:00
219,29,B016,1,661.88,2025-02-19T00:00:00
220,29,B020,1,690.27,2025-01-10T06:00:00
221,29,B013,1,574.36,2026-05-10T21:00:00
222,29,B010,1,349.72,2026-02-26T00:00:00
223,29,B004,2,612.34,2025-10-21T00:00:00
224,29,B010,1,349.72,2026-04-16T18:00:00
225,29,B012,2,621.61,2025-02-02T02:00:00
226,29,B013,1,574.36,2025-02-27T20:00:00
227,30,B015,2,603.15,2025-08-01T18:00:00
228,30,B011,1,263.92,2025-12-21T01:00:00
229,30,B006,1,591.87,2026-02-11T10:00:00
230,30,B017,2,797.72,2026-04-07T15:00:00
231,30,B011,1,263.92,2025-09-10T22:00:00
232,30,B002,1,370.42,2026-02-03T10:00:00
233,30,B019,2,312.86,2025-07-11T13:00:00
234,30,B018,1,393.58,2025-12-29T17:00:00
235,30,B011,1,263.92,2025-01-13T09:00:00
236,30,B001,2,646.6,2025-09-06T18:00:00
237,30,B019,1,312.86,2025-11-05T08:00:00
238,30,B008,1,765.6,2026-03-08T09:00:00
239,31,B014,2,254.16,2025-07-25T15:00:00
240,31,B013,2,574.36,2025-09-06T10:00:00
241,31,B001,1,646.6,2025-01-28T23:00:00
242,31,B011,2,263.92,2025-10-26T22:00:00
243,31,B019,1,312.86,2025-05-23T20:00:00
244,31,B010,2,349.72,2026-03-10T12:00:00
245,31,B020,1,690.27,2026-06-03T22:00:00
246,32,B018,2,393.58,2025-08-15T14:00:00
247,32,B003,1,672.69,2026-05-28T04:00:00
248,32,B012,1,621.61,2025-12-23T09:00:00
249,32,B004,2,612.34,2025-12-23T15:00:00
250,32,B012,1,621.61,2025-09-07T16:00:00
251,32,B012,2,621.61,2026-03-13T14:00:00
252,32,B016,1,661.88,2025-08-08T06:00:00
253,32,B003,2,672.69,2025-07-11T11:00:00
254,32,B003,2,672.69,2026-06-25T20:00:00
255,32,B005,2,352.05,2025-04-27T11:00:00
256,32,B010,1,349.72,2025-11-17T03:00:00
257,32,B013,1,574.36,2026-06-08T12:00:00
258,33,B005,2,352.05,2026-01-29T17:00:00
259,33,B012,1,621.61,2025-08-14T09:00:00
260,33,B012,1,621.61,2026-05-23T17:00:00
261,33,B004,1,612.34,2025-08-12T13:00:00
262,33,B008,1,765.6,2025-02-03T14:00:00
263,33,B011,1,263.92,2025-05-01T07:00:00
264,34,B010,1,349.72,2026-03-01T12:00:00
265,34,B004,1,612.34,2026-03-16T06:00:00
266,35,B017,1,797.72,2025-04-06T20:00:00
267,35,B016,1,661.88,2025-06-19T01:00:00
268,35,B013,1,574.36,2025-01-02T06:00:00
269,35,B016,1,661.88,2026-06-16T21:00:00
270,35,B018,1,393.58,2025-08-23T12:00:00
271,35,B002,1,370.42,2025-11-03T04:00:00
272,35,B007,1,492.66,2025-05-27T02:00:00
273,35,B020,1,690.27,2025-06-18T14:00:00
274,35,B017,1,797.72,2025-05-24T07:00:00
275,36,B004,2,612.34,2025-11-21T04:00:00
276,36,B001,1,646.6,2025-01-18T18:00:00
277,36,B016,2,661.88,2026-02-12T16:00:00
278,36,B004,1,612.34,2025-06-06T08:00:00
279,36,B013,2,574.36,2025-07-28T04:00:00
280,36,B007,2,492.66,2025-09-02T01:00:00
281,36,B014,1,254.16,2025-06-29T03:00:00
282,36,B004,1,612.34,2025-09-23T05:00:00
283,36,B007,2,492.66,2025-05-01T00:00:00
284,36,B013,1,574.36,2025-03-20T15:00:00
285,37,B010,1,349.72,2026-04-29T11:00:00
286,37,B006,2,591.87,2026-03-06T07:00:00
287,37,B005,2,352.05,2025-10-17T09:00:00
288,37,B002,2,370.42,2025-09-06T14:00:00
289,37,B005,2,352.05,2025-09-09T04:00:00
290,38,B013,1,574.36,2025-05-26T22:00:00
291,38,B001,1,646.6,2025-03-28T18:00:00
292,38,B015,1,603.15,2025-08-31T09:00:00
293,38,B015,1,603.15,2026-04-09T08:00:00
294,38,B007,2,492.66,2025-04-22T04:00:00
295,38,B007,1,492.66,2026-02-21T03:00:00
296,38,B019,1,312.86,2025-04-04T22:00:00
297,38,B020,1,690.27,2025-02-20T21:00:00
298,39,B002,2,370.42,2025-12-06T03:00:00
299,39,B002,1,370.42,2026-03-20T23:00:00
300,39,B018,1,393.58,2026-03-13T05:00:00
301,39,B002,1,370.42,2026-04-02T04:00:00
302,39,B018,2,393.58,2025-03-31T08:00:00
303,39,B017,1,797.72,2026-02-02T08:00:00
304,39,B020,2,690.27,2025-01-31T08:00:00
305,39,B002,1,370.42,2025-08-27T05:00:00
306,40,B006,2,591.87,2026-05-20T17:00:00
307,40,B016,2,661.88,2025-08-27T19:00:00
308,40,B016,1,661.88,2025-07-26T04:00:00
309,40,B002,1,370.42,2025-11-28T01:00:00
310,40,B016,1,661.88,2026-02-10T18:00:00
311,40,B018,1,393.58,2026-05-14T20:00:00
312,40,B001,1,646.6,2025-06-29T12:00:00
313,40,B015,1,603.15,2026-02-05T18:00:00
314,40,B003,1,672.69,2026-04-03T00:00:00
315,41,B007,1,492.66,2025-08-19T05:00:00
316,41,B014,1,254.16,2026-05-10T22:00:00
317,41,B020,1,690.27,2026-03-21T05:00:00
318,41,B008,1,765.6,2025-09-29T21:00:00
319,41,B008,1,765.6,2026-05-18T04:00:00
320,41,B003,1,672.69,2025-04-10T00:00:00
321,41,B008,2,765.6,2026-04-30T03:00:00
322,42,B017,2,797.72,2025-08-21T17:00:00
323,42,B010,2,349.72,2025-08-30T15:00:00
324,42,B007,1,492.66,2025-03-22T21:00:00
325,42,B015,2,603.15,2025-03-10T02:00:00
326,42,B014,1,254.16,2025-10-10T16:00:00
327,42,B003,1,672.69,2026-06-20T13:00:00
328,42,B010,2,349.72,2025-12-19T13:00:00
329,43,B006,2,591.87,2025-08-22T04:00:00
330,43,B014,2,254.16,2025-04-02T06:00:00
331,43,B002,2,370.42,2025-06-12T02:00:00
332,43,B020,1,690.27,2025-01-30T05:00:00
333,43,B008,1,765.6,2025-09-13T01:00:00
334,43,B018,1,393.58,2025-05-07T21:00:00
335,43,B020,1,690.27,2025-12-25T11:00:00
336,43,B001,1,646.6,2025-04-03T09:00:00
337,43,B007,1,492.66,2025-10-03T20:00:00
338,44,B001,1,646.6,2025-04-15T00:00:00
339,44,B001,1,646.6,2025-11-02T06:00:00
340,44,B007,1,492.66,2026-02-18T21:00:00
341,44,B016,2,661.88,2026-05-25T09:00:00
342,44,B012,1,621.61,2026-05-03T21:00:00
343,44,B009,1,687.7,2025-07-05T09:00:00
344,44,B009,1,687.7,2025-08-16T11:00:00
345,44,B007,1,492.66,2025-12-06T11:00:00
346,44,B009,1,687.7,2025-05-01T15:00:00
347,44,B013,2,574.36,2025-07-19T16:00:00
348,45,B001,2,646.6,2025-05-13T19:00:00
349,45,B016,1,661.88,2026-05-04T12:00:00
350,45,B001,1,646.6,2025-01-19T21:00:00
351,45,B006,1,591.87,2025-11-16T04:00:00
352,45,B020,1,690.27,2025-11-02T09:00:00
353,45,B007,1,492.66,2026-02-18T00:00:00
354,45,B003,1,672.69,2026-06-01T05:00:00
355,45,B011,1,263.92,2025-02-19T21:00:00
356,45,B002,1,370.42,2026-03-03T14:00:00
357,46,B013,1,574.36,2025-02-10T17:00:00
358,46,B007,1,492.66,2026-05-08T10:00:00
359,46,B003,1,672.69,2026-04-21T01:00:00
360,46,B015,1,603.15,2026-03-25T19:00:00
361,46,B016,2,661.88,2025-12-17T05:00:00
362,47,B015,1,603.15,2026-01-03T19:00:00
363,47,B020,2,690.27,2026-05-23T05:00:00
364,47,B016,1,661.88,2025-12-05T08:00:00
365,48,B017,1,797.72,2026-04-13T10:00:00
366,48,B020,1,690.27,2026-02-24T03:00:00
367,49,B014,1,254.16,2026-03-20T18:00:00
368,49,B008,1,765.6,2025-09-12T08:00:00
369,49,B018,1,393.58,2026-04-09T04:00:00
370,49,B013,1,574.36,2025-08-11T06:00:00
371,50,B014,2,254.16,2025-07-28T17:00:00
372,50,B018,1,393.58,2026-06-08T22:00:00
373,50,B018,1,393.58,2025-11-17T17:00:00
374,50,B003,1,672.69,2025-07-01T21:00:00
375,50,B010,1,349.72,2025-05-03T12:00:00
376,50,B007,1,492.66,2025-11-27T19:00:00
377,50,B020,1,690.27,2025-08-14T05:00:00
378,50,B013,1,574.36,2026-02-18T02:00:00
379,50,B004,2,612.34,2025-12-06T11:00:00
380,51,B010,1,349.72,2025-07-17T10:00:00
381,51,B014,1,254.16,2025-01-08T20:00:00
382,51,B007,2,492.66,2026-03-11T03:00:00
383,51,B018,1,393.58,2025-02-08T02:00:00
384,51,B018,2,393.58,2026-02-22T12:00:00
385,52,B005,1,352.05,2025-02-01T15:00:00
386,52,B009,1,687.7,2025-10-30T20:00:00
387,52,B011,1,263.92,2025-03-29T09:00:00
388,52,B005,1,352.05,2025-05-26T05:00:00
389,52,B019,1,312.86,2025-02-25T17:00:00
390,52,B006,2,591.87,2025-03-10T08:00:00
391,53,B002,1,370.42,2025-12-06T15:00:00
392,53,B005,1,352.05,2026-05-14T17:00:00
393,53,B012,1,621.61,2025-05-24T17:00:00
394,53,B012,1,621.61,2026-02-19T18:00:00
395,53,B012,2,621.61,2026-04-21T16:00:00
396,53,B016,1,661.88,2025-01-11T21:00:00
397,53,B020,1,690.27,2025-05-24T14:00:00
398,53,B005,2,352.05,2026-05-11T11:00:00
399,53,B008,1,765.6,2026-01-14T07:00:00
400,53,B015,2,603.15,2026-01-05T12:00:00
401,53,B014,1,254.16,2025-02-10T20:00:00
402,53,B012,1,621.61,2025-09-27T18:00:00
403,53,B009,1,687.7,2025-03-21T16:00:00
404,54,B019,1,312.86,2025-05-02T21:00:00
405,54,B009,1,687.7,2026-05-09T21:00:00
406,54,B019,1,312.86,2026-02-25T00:00:00
407,54,B001,1,646.6,2025-05-31T01:00:00
408,54,B011,2,263.92,2025-10-18T02:00:00
409,54,B004,1,612.34,2026-01-30T04:00:00
410,54,B004,1,612.34,2026-06-01T21:00:00
411,55,B001,2,646.6,2025-04-11T13:00:00
412,55,B001,1,646.6,2025-09-21T06:00:00
413,55,B012,1,621.61,2025-05-01T16:00:00
414,55,B016,1,661.88,2025-11-20T13:00:00
415,55,B016,2,661.88,2026-01-10T19:00:00
416,55,B006,2,591.87,2025-11-11T18:00:00
417,55,B001,1,646.6,2025-05-02T23:00:00
418,55,B004,1,612.34,2025-02-23T05:00:00
419,55,B016,1,661.88,2025-03-07T08:00:00
420,56,B008,1,765.6,2025-02-06T11:00:00
421,56,B019,1,312.86,2025-03-12T02:00:00
422,56,B014,1,254.16,2025-01-05T08:00:00
423,56,B004,1,612.34,2026-05-31T09:00:00
424,56,B019,1,312.86,2025-01-29T15:00:00
425,56,B004,1,612.34,2026-02-27T11:00:00
426,57,B002,1,370.42,2025-09-29T06:00:00
427,57,B018,1,393.58,2026-05-20T19:00:00
428,57,B002,1,370.42,2026-01-16T19:00:00
429,57,B020,1,690.27,2026-06-08T08:00:00
430,57,B014,1,254.16,2026-05-05T17:00:00
431,57,B006,1,591.87,2026-01-24T18:00:00
432,57,B020,1,690.27,2025-09-23T05:00:00
433,57,B017,2,797.72,2025-12-18T11:00:00
434,58,B007,1,492.66,2025-05-18T20:00:00
435,58,B011,1,263.92,2026-05-03T20:00:00
436,58,B004,1,612.34,2025-12-19T00:00:00
437,58,B007,2,492.66,2025-06-28T09:00:00
438,58,B010,1,349.72,2026-04-03T02:00:00
439,58,B019,1,312.86,2025-03-15T02:00:00
440,59,B007,2,492.66,2025-04-16T03:00:00
441,59,B006,1,591.87,2025-01-27T12:00:00
442,59,B006,1,591.87,2025-11-13T07:00:00
443,59,B013,1,574.36,2025-05-10T04:00:00
444,59,B020,1,690.27,2025-11-30T15:00:00
445,59,B010,2,349.72,2025-05-19T22:00:00
446,59,B020,1,690.27,2025-12-22T15:00:00
447,59,B011,1,263.92,2026-01-10T13:00:00
448,59,B003,1,672.69,2025-05-20T11:00:00
449,59,B001,2,646.6,2026-05-19T15:00:00
450,59,B018,1,393.58,2025-08-25T00:00:00
451,59,B016,2,661.88,2026-03-24T12:00:00
452,59,B020,1,690.27,2025-08-14T08:00:00
453,59,B002,1,370.42,2025-10-03T13:00:00
454,59,B003,2,672.69,2025-04-24T20:00:00
455,60,B008,1,765.6,2025-02-02T10:00:00
456,60,B006,1,591.87,2025-03-15T17:00:00
457,60,B020,1,690.27,2026-01-30T14:00:00
458,60,B020,1,690.27,2025-11-16T10:00:00
459,60,B006,1,591.87,2026-06-18T03:00:00
460,60,B001,2,646.6,2025-08-12T03:00:00
461,60,B001,1,646.6,2025-04-02T07:00:00
462,60,B003,1,672.69,2025-12-13T20:00:00
463,60,B006,1,591.87,2025-04-20T04:00:00
464,60,B008,1,765.6,2026-01-02T23:00:00
465,60,B006,2,591.87,2026-03-25T17:00:00
466,61,B008,1,765.6,2026-01-08T19:00:00
467,61,B014,2,254.16,2026-02-01T06:00:00
468,61,B007,2,492.66,2025-06-07T19:00:00
469,61,B016,1,661.88,2025-04-24T03:00:00
470,61,B018,2,393.58,2025-07-02T01:00:00
471,61,B010,1,349.72,2026-02-02T21:00:00
472,61,B007,1,492.66,2025-09-30T16:00:00
473,61,B001,1,646.6,2026-01-30T06:00:00
474,61,B005,1,352.05,2026-03-14T03:00:00
475,62,B008,1,765.6,2025-01-17T16:00:00
476,62,B007,1,492.66,2025-08-08T10:00:00
477,62,B007,1,492.66,2025-04-07T01:00:00
478,62,B008,1,765.6,2025-09-13T07:00:00
479,62,B015,1,603.15,2025-08-11T23:00:00
480,62,B018,1,393.58,2025-11-09T16:00:00
481,62,B007,2,492.66,2025-08-15T04:00:00
482,62,B019,1,312.86,2026-06-01T02:00:00
483,62,B010,2,349.72,2025-06-01T04:00:00
484,63,B006,1,591.87,2026-06-21T07:00:00
485,63,B012,1,621.61,2026-03-10T11:00:00
486,63,B018,1,393.58,2025-01-25T09:00:00
487,63,B018,1,393.58,2026-03-29T19:00:00
488,63,B004,1,612.34,2025-04-26T23:00:00
489,64,B013,1,574.36,2026-06-24T01:00:00
490,64,B003,1,672.69,2025-10-05T01:00:00
491,64,B009,2,687.7,2026-01-04T03:00:00
492,64,B001,1,646.6,2026-06-05T22:00:00
493,64,B006,2,591.87,2025-04-01T05:00:00
494,64,B009,1,687.7,2025-01-23T01:00:00
495,64,B005,1,352.05,2026-02-07T23:00:00
496,64,B009,1,687.7,2025-12-30T20:00:00
497,64,B014,2,254.16,2026-02-07T21:00:00
498,65,B004,1,612.34,2025-05-02T05:00:00
499,65,B018,1,393.58,2025-08-25T19:00:00
500,65,B006,2,591.87,2026-05-04T04:00:00
501,65,B003,1,672.69,2025-05-21T05:00:00
502,65,B010,2,349.72,2025-07-29T02:00:00
503,65,B016,2,661.88,2026-05-17T22:00:00
504,65,B006,1,591.87,2026-01-25T23:00:00
505,65,B009,1,687.7,2026-06-16T17:00:00
506,66,B018,2,393.58,2025-05-19T12:00:00
507,66,B015,1,603.15,2025-07-26T14:00:00
508,66,B003,2,672.69,2026-01-07T02:00:00
509,66,B018,2,393.58,2026-03-06T09:00:00
510,66,B009,2,687.7,2026-05-21T07:00:00
511,67,B016,1,661.88,2025-03-08T09:00:00
512,67,B014,1,254.16,2025-10-09T10:00:00
513,68,B017,1,797.72,2026-06-03T17:00:00
514,68,B006,1,591.87,2025-01-30T05:00:00
515,68,B012,1,621.61,2025-02-27T16:00:00
516,68,B002,1,370.42,2025-10-06T13:00:00
517,68,B009,1,687.7,2025-11-06T06:00:00
518,68,B017,1,797.72,2025-07-26T02:00:00
519,68,B006,2,591.87,2026-05-28T04:00:00
520,69,B004,1,612.34,2025-07-17T09:00:00
521,69,B013,1,574.36,2025-05-01T08:00:00
522,69,B009,1,687.7,2026-06-11T03:00:00
523,69,B011,1,263.92,2025-09-08T05:00:00
524,69,B001,1,646.6,2025-02-21T04:00:00
525,69,B019,2,312.86,2025-03-30T13:00:00
526,69,B003,2,672.69,2025-04-10T14:00:00
527,69,B002,1,370.42,2026-01-08T12:00:00
528,69,B011,1,263.92,2025-11-29T14:00:00
529,69,B013,1,574.36,2025-12-26T15:00:00
530,70,B012,2,621.61,2025-04-10T14:00:00
531,70,B016,1,661.88,2026-01-24T10:00:00
532,70,B011,2,263.92,2025-04-02T18:00:00
533,70,B020,1,690.27,2025-10-29T01:00:00
534,70,B016,2,661.88,2025-11-22T22:00:00
535,71,B014,2,254.16,2026-03-24T04:00:00
536,71,B003,2,672.69,2026-03-12T19:00:00
537,71,B010,1,349.72,2026-04-06T12:00:00
538,71,B020,1,690.27,2025-01-08T18:00:00
539,71,B020,1,690.27,2025-04-26T18:00:00
540,71,B017,1,797.72,2025-10-14T14:00:00
541,71,B002,1,370.42,2025-11-16T19:00:00
542,71,B002,2,370.42,2025-01-12T15:00:00
543,72,B020,1,690.27,2025-03-26T04:00:00
544,72,B001,1,646.6,2026-01-14T05:00:00
545,72,B019,1,312.86,2026-06-25T01:00:00
546,72,B002,1,370.42,2025-02-25T20:00:00
547,72,B008,1,765.6,2026-02-13T15:00:00
548,72,B005,2,352.05,2026-02-04T15:00:00
549,72,B002,1,370.42,2026-01-27T21:00:00
550,73,B009,1,687.7,2025-01-11T21:00:00
551,73,B012,1,621.61,2025-10-18T08:00:00
552,73,B012,1,621.61,2025-11-28T08:00:00
553,73,B013,1,574.36,2025-03-05T12:00:00
554,73,B006,2,591.87,2025-09-29T05:00:00
555,73,B013,2,574.36,2025-07-25T19:00:00
556,73,B012,1,621.61,2025-09-23T03:00:00
557,73,B013,2,574.36,2025-09-14T14:00:00
558,73,B020,1,690.27,2025-02-08T21:00:00
559,73,B008,2,765.6,2026-02-05T18:00:00
560,74,B019,1,312.86,2025-04-03T11:00:00
561,74,B019,1,312.86,2025-10-24T20:00:00
562,74,B013,2,574.36,2026-01-03T15:00:00
563,74,B001,1,646.6,2025-05-24T01:00:00
564,74,B019,1,312.86,2026-04-06T00:00:00
565,74,B012,2,621.61,2025-02-13T12:00:00
566,74,B019,1,312.86,2025-02-07T23:00:00
567,74,B010,1,349.72,2025-06-24T18:00:00
568,75,B006,2,591.87,2026-01-21T05:00:00
569,75,B010,1,349.72,2026-05-03T22:00:00
570,75,B006,1,591.87,2026-06-20T14:00:00
571,75,B019,2,312.86,2025-02-08T19:00:00
572,75,B002,1,370.42,2025-04-08T19:00:00
573,75,B001,1,646.6,2025-08-02T08:00:00
574,75,B005,1,352.05,2026-05-01T15:00:00
575,75,B016,1,661.88,2025-10-19T06:00:00
576,75,B002,1,370.42,2026-04-10T01:00:00
577,75,B004,1,612.34,2025-11-30T13:00:00
578,75,B011,2,263.92,2025-11-30T07:00:00
579,75,B001,2,646.6,2026-01-20T07:00:00
580,76,B004,2,612.34,2025-03-03T08:00:00
581,76,B013,1,574.36,2025-06-25T10:00:00
582,76,B009,2,687.7,2025-08-10T18:00:00
583,76,B006,2,591.87,2026-06-01T01:00:00
584,76,B001,1,646.6,2025-04-11T14:00:00
585,77,B017,1,797.72,2025-06-15T22:00:00
586,77,B004,1,612.34,2026-01-15T20:00:00
587,77,B005,1,352.05,2025-02-03T09:00:00
588,77,B020,1,690.27,2025-08-01T21:00:00
589,77,B017,2,797.72,2025-02-22T03:00:00
590,78,B008,1,765.6,2025-08-19T10:00:00
591,78,B013,1,574.36,2026-03-10T08:00:00
592,78,B015,1,603.15,2026-05-13T16:00:00
593,78,B007,1,492.66,2025-03-20T03:00:00
594,78,B013,1,574.36,2025-01-24T09:00:00
595,79,B007,1,492.66,2025-06-07T05:00:00
596,79,B002,1,370.42,2025-05-10T14:00:00
597,79,B018,2,393.58,2025-11-21T11:00:00
598,79,B003,1,672.69,2025-06-16T17:00:00
599,79,B002,1,370.42,2025-04-05T10:00:00
600,79,B020,1,690.27,2025-08-16T08:00:00
601,79,B007,1,492.66,2026-02-08T06:00:00
602,80,B006,2,591.87,2026-03-30T09:00:00
603,80,B006,1,591.87,2025-05-28T06:00:00
604,80,B006,1,591.87,2026-01-20T02:00:00
605,80,B010,1,349.72,2025-01-28T00:00:00
606,80,B017,1,797.72,2026-03-04T05:00:00
607,80,B006,1,591.87,2026-05-08T18:00:00
608,81,B020,1,690.27,2025-02-19T09:00:00
609,81,B014,1,254.16,2026-01-07T03:00:00
610,81,B001,1,646.6,2025-01-14T04:00:00
611,81,B010,1,349.72,2025-06-08T16:00:00
612,81,B008,1,765.6,2025-04-27T13:00:00
613,81,B013,1,574.36,2025-01-18T15:00:00
614,81,B008,1,765.6,2026-06-20T10:00:00
615,81,B008,1,765.6,2025-11-11T04:00:00
616,81,B012,2,621.61,2025-04-25T02:00:00
617,81,B019,1,312.86,2025-02-13T06:00:00
618,82,B002,1,370.42,2025-10-12T18:00:00
619,82,B001,1,646.6,2025-01-15T16:00:00
620,82,B004,1,612.34,2025-06-25T17:00:00
621,82,B004,1,612.34,2026-06-01T22:00:00
622,82,B011,2,263.92,2026-03-11T06:00:00
623,82,B007,1,492.66,2025-05-07T14:00:00
624,82,B014,1,254.16,2026-01-05T22:00:00
625,82,B001,1,646.6,2025-04-29T12:00:00
626,83,B020,2,690.27,2026-01-08T06:00:00
627,83,B017,1,797.72,2026-02-19T15:00:00
628,83,B017,2,797.72,2025-04-21T03:00:00
629,83,B014,1,254.16,2026-05-26T21:00:00
630,83,B017,1,797.72,2025-12-01T04:00:00
631,83,B011,1,263.92,2026-05-18T16:00:00
632,83,B020,2,690.27,2025-05-02T12:00:00
633,83,B018,1,393.58,2025-02-06T01:00:00
634,83,B020,1,690.27,2025-06-18T15:00:00
635,84,B013,1,574.36,2025-01-28T20:00:00
636,84,B010,1,349.72,2026-01-01T13:00:00
637,84,B009,1,687.7,2025-03-28T22:00:00
638,84,B017,2,797.72,2025-01-21T17:00:00
639,84,B009,2,687.7,2026-03-09T18:00:00
640,84,B009,1,687.7,2026-04-26T18:00:00
641,84,B011,1,263.92,2026-05-30T21:00:00
642,84,B009,1,687.7,2026-03-23T06:00:00
643,84,B020,1,690.27,2025-08-08T09:00:00
644,84,B001,1,646.6,2025-04-08T18:00:00
645,84,B002,1,370.42,2026-05-02T13:00:00
646,84,B009,1,687.7,2025-11-17T06:00:00
647,85,B014,2,254.16,2025-03-03T16:00:00
648,85,B010,1,349.72,2025-11-04T13:00:00
649,85,B009,1,687.7,2025-04-27T04:00:00
650,85,B002,2,370.42,2025-11-14T14:00:00
651,85,B008,1,765.6,2025-02-07T06:00:00
652,85,B016,1,661.88,2026-05-13T00:00:00
653,85,B016,1,661.88,2026-06-22T08:00:00
654,86,B003,1,672.69,2025-05-29T11:00:00
655,86,B003,1,672.69,2025-09-17T17:00:00
656,86,B002,1,370.42,2025-09-19T09:00:00
657,86,B013,1,574.36,2026-02-21T01:00:00
658,87,B015,1,603.15,2025-07-08T20:00:00
659,87,B015,1,603.15,2025-11-24T14:00:00
660,87,B010,2,349.72,2025-12-02T09:00:00
661,87,B002,1,370.42,2026-04-10T21:00:00
662,88,B017,1,797.72,2025-08-30T19:00:00
663,88,B007,1,492.66,2026-04-15T02:00:00
664,88,B017,2,797.72,2026-02-12T21:00:00
665,88,B010,1,349.72,2025-09-20T02:00:00
666,88,B005,2,352.05,2025-02-16T00:00:00
667,88,B006,1,591.87,2026-02-09T21:00:00
668,88,B017,1,797.72,2025-09-24T05:00:00
669,88,B017,2,797.72,2025-05-16T02:00:00
670,89,B018,1,393.58,2026-03-27T01:00:00
671,89,B004,2,612.34,2026-04-27T08:00:00
672,89,B017,2,797.72,2026-05-22T01:00:00
673,89,B014,1,254.16,2025-07-28T09:00:00
674,89,B014,2,254.16,2025-11-28T04:00:00
675,90,B011,1,263.92,2026-01-26T02:00:00
676,90,B012,2,621.61,2025-05-04T09:00:00
677,90,B002,2,370.42,2025-04-09T11:00:00
678,90,B011,2,263.92,2026-02-02T15:00:00
679,90,B011,2,263.92,2026-01-13T19:00:00
680,90,B020,1,690.27,2025-06-08T15:00:00
681,90,B004,1,612.34,2025-09-12T16:00:00
682,90,B017,2,797.72,2025-02-16T16:00:00
683,90,B014,2,254.16,2025-07-06T12:00:00
684,91,B008,1,765.6,2025-04-19T13:00:00
685,91,B009,1,687.7,2026-02-09T09:00:00
686,91,B020,1,690.27,2025-01-23T03:00:00
687,91,B006,2,591.87,2026-04-01T15:00:00
688,92,B005,2,352.05,2025-10-25T01:00:00
689,92,B006,1,591.87,2026-03-09T18:00:00
690,92,B005,1,352.05,2026-03-04T15:00:00
691,92,B003,1,672.69,2026-03-23T00:00:00
692,92,B017,1,797.72,2026-03-25T07:00:00
693,92,B014,2,254.16,2025-05-13T05:00:00
694,93,B002,2,370.42,2025-04-17T22:00:00
695,93,B018,1,393.58,2025-04-15T17:00:00
696,93,B009,1,687.7,2025-07-30T11:00:00
697,93,B016,1,661.88,2025-12-09T04:00:00
698,93,B018,2,393.58,2026-03-02T00:00:00
699,93,B001,1,646.6,2026-06-02T05:00:00
700,93,B011,2,263.92,2026-03-08T07:00:00
701,93,B003,1,672.69,2026-01-06T00:00:00
702,93,B006,1,591.87,2026-06-14T02:00:00
703,94,B011,1,263.92,2025-10-30T13:00:00
704,94,B010,1,349.72,2025-11-18T11:00:00
705,94,B001,1,646.6,2025-05-31T22:00:00
706,94,B019,2,312.86,2026-03-29T22:00:00
707,94,B004,1,612.34,2025-11-05T02:00:00
708,94,B020,1,690.27,2025-06-13T00:00:00
709,94,B019,1,312.86,2026-03-09T16:00:00
710,94,B019,1,312.86,2025-09-23T20:00:00
711,95,B006,1,591.87,2025-05-24T22:00:00
712,95,B016,1,661.88,2025-07-17T11:00:00
713,95,B007,2,492.66,2026-02-26T02:00:00
714,95,B020,1,690.27,2026-05-03T06:00:00
715,95,B020,2,690.27,2025-09-28T18:00:00
716,95,B017,2,797.72,2025-05-28T16:00:00
717,95,B013,2,574.36,2025-05-01T22:00:00
718,95,B006,1,591.87,2025-05-01T11:00:00
719,95,B015,2,603.15,2025-10-18T06:00:00
720,96,B002,2,370.42,2026-02-24T12:00:00
721,96,B007,2,492.66,2025-02-24T18:00:00
722,96,B004,1,612.34,2026-02-16T18:00:00
723,96,B013,1,574.36,2025-07-04T13:00:00
724,97,B002,1,370.42,2026-02-27T10:00:00
725,97,B006,2,591.87,2025-08-31T15:00:00
726,97,B002,2,370.42,2025-10-03T01:00:00
727,97,B008,1,765.6,2026-02-22T20:00:00
728,97,B008,2,765.6,2025-06-22T07:00:00
729,97,B001,2,646.6,2026-04-08T01:00:00
730,97,B011,2,263.92,2025-10-07T19:00:00
731,98,B011,1,263.92,2026-04-09T08:00:00
732,98,B007,1,492.66,2026-04-16T19:00:00
733,98,B009,1,687.7,2025-01-03T19:00:00
734,98,B005,1,352.05,2026-02-07T17:00:00
735,98,B010,2,349.72,2026-04-01T21:00:00
736,98,B007,1,492.66,2026-01-02T12:00:00
737,98,B010,1,349.72,2025-07-17T14:00:00
738,98,B012,1,621.61,2026-01-02T06:00:00
739,99,B005,1,352.05,2026-05-28T15:00:00
740,99,B004,2,612.34,2025-05-05T21:00:00
741,99,B018,1,393.58,2025-02-14T23:00:00
742,99,B011,1,263.92,2026-04-05T10:00:00
743,99,B020,2,690.27,2025-01-26T23:00:00
744,100,B001,2,646.6,2025-03-08T04:00:00
745,100,B006,1,591.87,2026-03-19T02:00:00
746,100,B001,2,646.6,2025-10-29T12:00:00
747,100,B016,2,661.88,2025-01-11T14:00:00
748,100,B016,1,661.88,2025-01-27T14:00:00
749,101,B007,1,492.66,2025-05-30T04:00:00
750,101,B014,1,254.16,2025-02-28T07:00:00
751,101,B002,1,370.42,2025-12-10T19:00:00
752,101,B008,1,765.6,2025-02-13T15:00:00
753,102,B006,1,591.87,2025-12-14T17:00:00
754,102,B008,1,765.6,2025-12-13T06:00:00
755,102,B003,2,672.69,2026-01-17T21:00:00
756,102,B001,1,646.6,2025-03-08T03:00:00
757,102,B004,1,612.34,2025-07-16T17:00:00
758,102,B007,1,492.66,2026-03-16T20:00:00
759,102,B007,1,492.66,2025-07-13T17:00:00
760,102,B001,2,646.6,2026-06-06T11:00:00
761,102,B007,2,492.66,2026-06-23T22:00:00
762,103,B020,2,690.27,2025-12-11T13:00:00
763,103,B014,1,254.16,2026-05-25T10:00:00
764,103,B002,1,370.42,2025-09-29T20:00:00
765,103,B004,1,612.34,2026-05-29T16:00:00
766,103,B004,1,612.34,2025-08-22T03:00:00
767,103,B020,1,690.27,2025-06-02T12:00:00
768,103,B002,1,370.42,2025-08-03T14:00:00
769,104,B006,2,591.87,2026-02-05T12:00:00
770,104,B009,2,687.7,2025-07-12T15:00:00
771,104,B015,1,603.15,2025-11-08T02:00:00
772,104,B015,1,603.15,2026-05-16T00:00:00
773,104,B013,1,574.36,2026-01-31T09:00:00
774,104,B008,1,765.6,2025-03-13T14:00:00
775,104,B010,1,349.72,2026-05-05T23:00:00
776,105,B016,1,661.88,2025-08-11T15:00:00
777,105,B006,1,591.87,2025-03-20T03:00:00
778,105,B017,1,797.72,2025-06-18T08:00:00
779,105,B015,1,603.15,2026-02-11T01:00:00
780,105,B012,1,621.61,2026-04-18T02:00:00
781,105,B016,1,661.88,2026-03-25T04:00:00
782,105,B004,1,612.34,2026-02-05T05:00:00
783,105,B017,1,797.72,2025-06-07T14:00:00
784,106,B006,1,591.87,2025-04-04T00:00:00
785,106,B002,2,370.42,2025-06-21T23:00:00
786,106,B015,1,603.15,2026-02-09T13:00:00
787,106,B015,1,603.15,2025-06-27T00:00:00
788,106,B019,1,312.86,2026-04-15T07:00:00
789,106,B005,1,352.05,2026-01-13T01:00:00
790,107,B019,1,312.86,2025-01-14T07:00:00
791,107,B020,2,690.27,2026-05-26T09:00:00
792,107,B014,1,254.16,2025-12-03T04:00:00
793,107,B015,1,603.15,2025-08-23T23:00:00
794,107,B013,1,574.36,2026-06-18T10:00:00
795,107,B017,1,797.72,2025-03-13T06:00:00
796,107,B007,1,492.66,2025-05-09T02:00:00
797,107,B016,1,661.88,2026-03-13T23:00:00
798,107,B010,1,349.72,2025-09-08T13:00:00
799,107,B007,2,492.66,2026-04-05T20:00:00
800,107,B012,2,621.61,2026-02-12T12:00:00
801,108,B017,1,797.72,2026-01-25T14:00:00
802,108,B011,2,263.92,2026-05-08T02:00:00
803,108,B018,2,393.58,2026-01-19T15:00:00
804,108,B008,1,765.6,2026-01-18T12:00:00
805,108,B013,1,574.36,2025-02-09T03:00:00
806,108,B014,2,254.16,2025-09-19T23:00:00
807,108,B005,2,352.05,2026-01-13T22:00:00
808,109,B004,1,612.34,2025-06-15T00:00:00
809,109,B013,1,574.36,2025-06-19T13:00:00
810,109,B013,2,574.36,2026-01-27T18:00:00
811,109,B013,1,574.36,2025-12-19T04:00:00
812,109,B004,1,612.34,2026-02-12T22:00:00
813,109,B009,2,687.7,2025-01-02T03:00:00
814,109,B013,1,574.36,2025-10-23T23:00:00
815,109,B004,1,612.34,2025-05-18T06:00:00
816,110,B005,1,352.05,2025-10-28T02:00:00
817,110,B002,1,370.42,2025-08-29T15:00:00
818,110,B015,1,603.15,2025-04-10T06:00:00
819,110,B018,1,393.58,2025-12-12T19:00:00
820,110,B011,2,263.92,2025-12-05T03:00:00
821,111,B001,1,646.6,2025-02-02T04:00:00
822,111,B020,1,690.27,2026-05-09T21:00:00
823,111,B015,1,603.15,2026-01-28T08:00:00
824,111,B020,2,690.27,2025-05-07T21:00:00
825,111,B005,1,352.05,2026-03-24T07:00:00
826,111,B014,1,254.16,2025-04-25T02:00:00
827,111,B018,1,393.58,2025-04-29T18:00:00
828,111,B018,1,393.58,2025-01-02T09:00:00
829,112,B005,1,352.05,2025-11-24T09:00:00
830,112,B005,1,352.05,2025-06-13T00:00:00
831,112,B009,1,687.7,2026-06-25T23:00:00
832,112,B008,1,765.6,2026-02-08T03:00:00
833,112,B019,1,312.86,2026-03-29T22:00:00
834,113,B019,1,312.86,2026-02-18T07:00:00
835,113,B002,2,370.42,2025-05-03T03:00:00
836,113,B020,2,690.27,2026-06-06T07:00:00
837,113,B012,2,621.61,2025-04-07T18:00:00
838,113,B012,1,621.61,2026-05-16T02:00:00
839,114,B020,1,690.27,2025-09-20T01:00:00
840,114,B019,1,312.86,2026-01-08T17:00:00
841,114,B015,1,603.15,2026-05-18T22:00:00
842,114,B014,1,254.16,2025-02-15T07:00:00
843,114,B004,1,612.34,2025-09-19T08:00:00
844,114,B004,1,612.34,2025-05-27T17:00:00
845,115,B003,1,672.69,2025-12-08T08:00:00
846,115,B014,1,254.16,2025-05-07T05:00:00
847,115,B016,1,661.88,2026-05-17T03:00:00
848,115,B012,2,621.61,2025-04-12T01:00:00
849,115,B001,1,646.6,2026-06-10T22:00:00
850,115,B001,2,646.6,2026-03-05T22:00:00
851,115,B012,2,621.61,2026-04-25T16:00:00
852,115,B001,1,646.6,2025-03-20T23:00:00
853,115,B010,2,349.72,2025-03-28T23:00:00
854,115,B013,1,574.36,2025-05-20T15:00:00
855,115,B006,2,591.87,2025-07-14T23:00:00
856,116,B013,1,574.36,2025-02-22T13:00:00
857,116,B016,1,661.88,2025-05-01T09:00:00
858,116,B011,1,263.92,2025-11-09T20:00:00
859,116,B013,2,574.36,2026-05-15T01:00:00
860,116,B013,1,574.36,2025-12-29T03:00:00
861,116,B020,1,690.27,2025-01-10T03:00:00
862,116,B013,2,574.36,2025-06-07T13:00:00
863,116,B017,1,797.72,2025-08-20T15:00:00
864,116,B004,2,612.34,2026-03-26T05:00:00
865,117,B003,2,672.69,2025-09-30T03:00:00
866,117,B018,1,393.58,2026-02-03T04:00:00
867,117,B020,1,690.27,2025-05-10T04:00:00
868,117,B004,1,612.34,2025-01-09T13:00:00
869,117,B016,1,661.88,2025-07-11T07:00:00
870,118,B014,1,254.16,2025-05-04T04:00:00
871,118,B010,1,349.72,2025-05-30T13:00:00
872,118,B010,1,349.72,2026-01-25T13:00:00
873,118,B015,1,603.15,2026-05-06T01:00:00
874,118,B004,1,612.34,2025-10-03T11:00:00
875,118,B007,1,492.66,2025-10-14T19:00:00
876,118,B016,1,661.88,2026-05-19T11:00:00
877,118,B013,1,574.36,2025-05-14T10:00:00
878,119,B002,1,370.42,2025-11-05T23:00:00
879,119,B018,2,393.58,2025-06-07T01:00:00
880,119,B020,1,690.27,2025-03-11T15:00:00
881,119,B016,1,661.88,2025-05-13T09:00:00
882,119,B018,2,393.58,2026-06-10T02:00:00
883,120,B006,1,591.87,2025-05-02T05:00:00
884,120,B002,1,370.42,2025-08-04T17:00:00
885,120,B003,1,672.69,2026-01-13T10:00:00
886,120,B015,1,603.15,2026-02-23T19:00:00
887,120,B017,1,797.72,2025-01-11T11:00:00
888,120,B015,1,603.15,2026-03-29T07:00:00
889,120,B009,2,687.7,2026-02-09T04:00:00
890,120,B006,2,591.87,2026-05-06T02:00:00
891,120,B004,1,612.34,2025-07-13T18:00:00
892,120,B015,1,603.15,2025-01-22T09:00:00
893,121,B011,1,263.92,2025-03-27T08:00:00
894,121,B002,1,370.42,2025-01-10T03:00:00
895,121,B002,2,370.42,2025-03-29T06:00:00
896,121,B006,1,591.87,2025-11-11T10:00:00
897,121,B003,2,672.69,2025-01-02T07:00:00
898,121,B009,2,687.7,2025-12-28T20:00:00
899,121,B014,1,254.16,2025-04-26T15:00:00
900,121,B011,2,263.92,2025-02-14T19:00:00
901,121,B008,1,765.6,2025-07-05T21:00:00
902,121,B016,1,661.88,2026-05-27T21:00:00
903,121,B012,2,621.61,2025-05-31T10:00:00
904,121,B002,2,370.42,2026-05-05T02:00:00
905,121,B006,1,591.87,2025-10-13T04:00:00
906,122,B007,2,492.66,2025-08-24T12:00:00
907,122,B010,1,349.72,2025-08-13T22:00:00
908,122,B015,1,603.15,2026-01-07T17:00:00
909,122,B010,1,349.72,2025-03-03T11:00:00
910,122,B010,1,349.72,2025-06-11T00:00:00
911,122,B010,1,349.72,2025-11-03T15:00:00
912,123,B018,1,393.58,2025-04-05T16:00:00
913,123,B007,2,492.66,2026-02-15T19:00:00
914,123,B002,1,370.42,2025-03-21T22:00:00
915,123,B020,1,690.27,2026-02-19T12:00:00
916,123,B002,1,370.42,2025-07-19T08:00:00
917,123,B018,1,393.58,2025-12-10T00:00:00
918,123,B018,1,393.58,2025-02-03T07:00:00
919,123,B017,1,797.72,2026-05-11T01:00:00
920,123,B014,2,254.16,2026-05-28T06:00:00
921,123,B020,1,690.27,2026-05-31T03:00:00
922,123,B018,1,393.58,2025-06-05T21:00:00
923,123,B002,1,370.42,2025-06-14T16:00:00
924,124,B017,1,797.72,2025-03-31T15:00:00
925,124,B009,1,687.7,2025-06-15T02:00:00
926,124,B006,1,591.87,2026-01-08T09:00:00
927,124,B002,1,370.42,2026-02-28T16:00:00
928,125,B016,2,661.88,2025-03-08T10:00:00
929,125,B015,1,603.15,2025-04-28T08:00:00
930,125,B010,1,349.72,2025-05-30T20:00:00
931,125,B001,1,646.6,2026-03-17T15:00:00
932,125,B006,1,591.87,2026-03-10T08:00:00
933,125,B011,2,263.92,2025-10-08T12:00:00
934,125,B016,2,661.88,2025-11-01T05:00:00
935,125,B014,2,254.16,2025-06-14T22:00:00
936,125,B010,2,349.72,2025-11-21T00:00:00
937,125,B016,2,661.88,2026-05-27T10:00:00
938,126,B010,1,349.72,2026-04-12T13:00:00
939,126,B006,1,591.87,2025-06-30T14:00:00
940,126,B005,1,352.05,2025-06-16T17:00:00
941,126,B019,1,312.86,2026-03-24T20:00:00
942,126,B010,1,349.72,2026-02-26T03:00:00
943,126,B016,2,661.88,2026-03-07T06:00:00
944,127,B019,2,312.86,2026-03-01T21:00:00
945,127,B010,2,349.72,2025-11-22T10:00:00
946,127,B001,1,646.6,2026-03-24T07:00:00
947,127,B007,1,492.66,2025-06-12T10:00:00
948,127,B017,1,797.72,2025-03-22T18:00:00
949,127,B007,1,492.66,2026-01-02T05:00:00
950,128,B016,1,661.88,2025-04-06T02:00:00
951,128,B007,1,492.66,2025-08-01T12:00:00
952,128,B019,2,312.86,2026-05-14T20:00:00
953,128,B016,1,661.88,2025-07-04T09:00:00
954,128,B012,1,621.61,2025-09-18T03:00:00
955,128,B003,1,672.69,2025-04-28T06:00:00
956,128,B007,1,492.66,2025-10-02T08:00:00
957,129,B004,1,612.34,2025-03-07T14:00:00
958,129,B004,1,612.34,2025-09-17T18:00:00
959,129,B013,1,574.36,2025-07-10T11:00:00
960,129,B003,2,672.69,2025-01-12T22:00:00
961,129,B013,1,574.36,2025-08-06T16:00:00
962,129,B013,1,574.36,2026-05-21T15:00:00
963,129,B009,1,687.7,2025-05-08T14:00:00
964,129,B009,1,687.7,2025-08-31T18:00:00
965,129,B013,2,574.36,2025-01-05T14:00:00
966,130,B012,1,621.61,2025-02-18T00:00:00
967,130,B002,1,370.42,2026-03-23T07:00:00
968,130,B014,2,254.16,2025-11-08T02:00:00
969,130,B010,1,349.72,2026-02-28T20:00:00
970,130,B011,2,263.92,2025-09-04T18:00:00
971,130,B008,1,765.6,2025-11-26T23:00:00
972,130,B011,1,263.92,2025-10-31T22:00:00
973,130,B010,2,349.72,2025-07-30T22:00:00
974,131,B016,1,661.88,2025-04-15T04:00:00
975,131,B002,1,370.42,2026-05-03T21:00:00
976,131,B002,1,370.42,2025-03-28T11:00:00
977,131,B020,2,690.27,2026-03-18T16:00:00
978,131,B013,2,574.36,2026-03-09T06:00:00
979,131,B015,1,603.15,2026-05-21T16:00:00
980,131,B004,1,612.34,2025-04-24T07:00:00
981,131,B011,1,263.92,2025-09-02T02:00:00
982,131,B002,1,370.42,2026-02-19T12:00:00
983,131,B012,1,621.61,2025-10-02T15:00:00
984,131,B020,2,690.27,2025-04-07T05:00:00
985,131,B014,1,254.16,2025-09-02T05:00:00
986,132,B001,1,646.6,2025-08-22T16:00:00
987,132,B005,1,352.05,2026-05-18T23:00:00
988,132,B005,1,352.05,2025-09-17T11:00:00
989,132,B002,1,370.42,2026-05-11T03:00:00
990,132,B011,1,263.92,2026-03-18T11:00:00
991,132,B010,1,349.72,2026-04-06T16:00:00
992,132,B008,1,765.6,2026-02-05T18:00:00
993,132,B005,1,352.05,2025-02-12T18:00:00
994,133,B007,1,492.66,2025-02-11T06:00:00
995,133,B020,1,690.27,2025-01-06T13:00:00
996,133,B012,2,621.61,2025-11-06T19:00:00
997,133,B012,1,621.61,2025-11-27T18:00:00
998,133,B008,1,765.6,2026-03-03T17:00:00
999,133,B007,2,492.66,2026-04-18T17:00:00
1000,133,B016,1,661.88,2026-03-29T22:00:00
1001,133,B001,2,646.6,2026-03-14T14:00:00
1002,134,B003,1,672.69,2026-05-09T22:00:00
1003,134,B019,1,312.86,2025-09-11T06:00:00
1004,134,B019,1,312.86,2026-03-31T12:00:00
1005,134,B004,1,612.34,2025-05-07T13:00:00
1006,134,B012,1,621.61,2026-05-03T15:00:00
1007,135,B006,2,591.87,2025-12-30T04:00:00
1008,135,B005,1,352.05,2025-06-12T11:00:00
1009,135,B006,1,591.87,2026-06-22T12:00:00
1010,135,B006,1,591.87,2026-06-23T08:00:00
1011,135,B007,2,492.66,2025-01-31T05:00:00
1012,136,B013,2,574.36,2025-03-15T10:00:00
1013,136,B004,1,612.34,2026-05-01T16:00:00
1014,136,B005,1,352.05,2025-05-01T15:00:00
1015,136,B004,1,612.34,2025-10-22T02:00:00
1016,136,B015,1,603.15,2026-05-28T09:00:00
1017,136,B015,1,603.15,2025-04-24T18:00:00
1018,136,B004,1,612.34,2025-02-03T10:00:00
1019,136,B013,1,574.36,2025-03-02T04:00:00
1020,136,B013,1,574.36,2025-03-05T07:00:00
1021,136,B004,1,612.34,2025-03-24T17:00:00
1022,136,B015,1,603.15,2025-02-12T03:00:00
1023,136,B018,1,393.58,2026-03-18T15:00:00
1024,136,B007,2,492.66,2025-01-27T06:00:00
1025,136,B008,2,765.6,2025-01-19T17:00:00
1026,137,B002,1,370.42,2025-03-20T01:00:00
1027,137,B020,1,690.27,2025-05-06T21:00:00
1028,137,B012,1,621.61,2025-10-27T20:00:00
1029,137,B002,2,370.42,2026-05-31T03:00:00
1030,138,B003,2,672.69,2025-03-28T01:00:00
1031,138,B018,1,393.58,2026-01-27T12:00:00
1032,138,B015,1,603.15,2026-03-18T17:00:00
1033,138,B007,1,492.66,2025-09-26T18:00:00
1034,138,B015,1,603.15,2025-10-22T17:00:00
1035,138,B015,1,603.15,2025-01-13T03:00:00
1036,138,B019,2,312.86,2025-07-03T14:00:00
1037,139,B018,2,393.58,2025-12-25T03:00:00
1038,139,B006,1,591.87,2025-08-31T06:00:00
1039,139,B002,1,370.42,2025-05-27T00:00:00
1040,139,B015,1,603.15,2026-02-22T20:00:00
1041,139,B002,1,370.42,2025-06-14T11:00:00
1042,139,B002,1,370.42,2025-12-19T06:00:00
1043,140,B006,1,591.87,2025-09-24T09:00:00
1044,140,B006,1,591.87,2026-04-27T23:00:00
1045,140,B007,1,492.66,2025-01-25T22:00:00
1046,140,B016,2,661.88,2026-02-02T13:00:00
1047,140,B001,1,646.6,2025-09-05T22:00:00
1048,140,B017,2,797.72,2026-02-23T20:00:00
1049,140,B006,1,591.87,2026-05-04T22:00:00
1050,140,B006,1,591.87,2026-06-06T02:00:00
1051,141,B013,1,574.36,2026-03-13T09:00:00
1052,141,B008,1,765.6,2025-08-04T13:00:00
1053,141,B005,2,352.05,2025-06-19T03:00:00
1054,141,B015,1,603.15,2026-06-05T05:00:00
1055,141,B006,1,591.87,2025-07-19T00:00:00
1056,141,B008,2,765.6,2025-10-16T18:00:00
1057,142,B015,1,603.15,2026-06-18T10:00:00
1058,142,B007,2,492.66,2025-01-09T07:00:00
1059,142,B010,2,349.72,2025-08-14T21:00:00
1060,142,B007,1,492.66,2026-05-24T09:00:00
1061,142,B013,2,574.36,2025-08-08T00:00:00
1062,142,B010,2,349.72,2025-08-02T22:00:00
1063,142,B018,2,393.58,2026-02-06T19:00:00
1064,143,B012,1,621.61,2026-05-16T19:00:00
1065,143,B012,2,621.61,2025-11-22T13:00:00
1066,143,B003,1,672.69,2025-09-24T01:00:00
1067,143,B020,1,690.27,2025-02-16T09:00:00
1068,143,B016,1,661.88,2025-06-20T17:00:00
1069,143,B002,1,370.42,2025-12-28T17:00:00
1070,143,B020,1,690.27,2026-01-06T17:00:00
1071,143,B019,1,312.86,2026-02-10T22:00:00
1072,144,B009,1,687.7,2025-09-11T01:00:00
1073,144,B010,1,349.72,2026-01-22T20:00:00
1074,144,B006,2,591.87,2025-03-20T02:00:00
1075,144,B009,2,687.7,2026-04-15T06:00:00
1076,144,B009,2,687.7,2026-03-16T02:00:00
1077,144,B002,2,370.42,2025-09-08T12:00:00
1078,144,B012,1,621.61,2026-05-04T18:00:00
1079,145,B020,1,690.27,2026-02-21T00:00:00
1080,145,B001,1,646.6,2026-05-16T17:00:00
1081,145,B016,1,661.88,2025-03-25T03:00:00
1082,145,B008,1,765.6,2025-01-14T05:00:00
1083,145,B001,2,646.6,2026-06-22T15:00:00
1084,145,B012,1,621.61,2025-10-31T03:00:00
1085,145,B008,1,765.6,2025-10-05T16:00:00
1086,145,B016,1,661.88,2025-06-19T04:00:00
1087,145,B016,2,661.88,2025-05-19T05:00:00
1088,145,B005,1,352.05,2025-07-03T04:00:00
1089,145,B006,2,591.87,2025-12-05T03:00:00
1090,145,B006,1,591.87,2025-12-20T20:00:00
1091,146,B011,1,263.92,2026-04-30T06:00:00
1092,146,B006,1,591.87,2025-04-04T19:00:00
1093,146,B003,1,672.69,2025-01-01T10:00:00
1094,146,B009,1,687.7,2026-03-12T21:00:00
1095,146,B002,1,370.42,2026-01-30T22:00:00
1096,146,B003,1,672.69,2025-11-21T16:00:00
1097,146,B014,2,254.16,2025-10-12T22:00:00
1098,146,B003,1,672.69,2026-03-22T20:00:00
1099,146,B003,2,672.69,2026-04-23T21:00:00
1100,146,B016,1,661.88,2025-07-15T12:00:00
1101,147,B011,1,263.92,2026-04-11T15:00:00
1102,147,B018,1,393.58,2025-05-15T02:00:00
1103,147,B007,1,492.66,2025-01-15T21:00:00
1104,147,B013,1,574.36,2025-06-01T23:00:00
1105,147,B013,2,574.36,2025-10-10T19:00:00
1106,147,B015,1,603.15,2025-07-06T23:00:00
1107,148,B014,1,254.16,2025-10-23T06:00:00
1108,148,B010,1,349.72,2025-09-22T06:00:00
1109,148,B007,2,492.66,2026-04-24T18:00:00
1110,149,B010,1,349.72,2026-03-22T23:00:00
1111,149,B006,2,591.87,2026-01-18T19:00:00
1112,149,B018,2,393.58,2025-08-28T16:00:00
1113,149,B004,1,612.34,2026-02-15T18:00:00
1114,149,B012,1,621.61,2025-02-25T02:00:00
1115,150,B010,2,349.72,2025-04-13T15:00:00
1116,150,B011,2,263.92,2026-04-29T21:00:00
1117,150,B012,1,621.61,2025-04-09T12:00:00
1118,150,B005,1,352.05,2026-03-11T19:00:00
1119,150,B005,1,352.05,2026-01-13T11:00:00
1120,150,B011,1,263.92,2025-02-15T06:00:00
1121,150,B014,1,254.16,2025-07-04T13:00:00
1122,150,B004,2,612.34,2026-05-08T01:00:00
1123,150,B011,1,263.92,2026-06-14T03:00:00
1124,150,B001,2,646.6,2025-01-13T05:00:00
1125,151,B018,1,393.58,2026-01-28T21:00:00
1126,151,B007,2,492.66,2025-09-22T06:00:00
1127,151,B006,2,591.87,2026-04-21T09:00:00
1128,151,B014,1,254.16,2025-12-12T21:00:00
1129,151,B018,1,393.58,2025-07-03T09:00:00
1130,151,B013,1,574.36,2025-11-01T20:00:00
1131,151,B009,2,687.7,2026-03-18T08:00:00
1132,151,B010,1,349.72,2025-02-11T02:00:00
1133,151,B020,1,690.27,2026-03-09T12:00:00
1134,152,B003,1,672.69,2025-02-16T19:00:00
1135,152,B005,1,352.05,2025-10-07T00:00:00
1136,152,B005,1,352.05,2025-05-13T08:00:00
1137,152,B005,1,352.05,2025-01-19T22:00:00
1138,152,B009,1,687.7,2026-04-17T18:00:00
1139,152,B017,1,797.72,2026-05-03T17:00:00
1140,152,B005,2,352.05,2026-04-01T04:00:00
1141,153,B010,1,349.72,2026-05-18T07:00:00
1142,153,B012,1,621.61,2025-05-07T03:00:00
1143,153,B002,1,370.42,2026-02-15T17:00:00
1144,153,B020,2,690.27,2025-11-22T16:00:00
1145,153,B002,2,370.42,2026-05-22T14:00:00
1146,153,B014,1,254.16,2026-02-14T09:00:00
1147,153,B008,1,765.6,2026-03-05T13:00:00
1148,153,B011,1,263.92,2026-02-23T00:00:00
1149,153,B012,2,621.61,2025-04-04T11:00:00
1150,153,B004,1,612.34,2025-07-17T05:00:00
1151,153,B012,1,621.61,2025-11-27T04:00:00
1152,154,B019,1,312.86,2025-01-25T14:00:00
1153,154,B002,1,370.42,2025-05-08T03:00:00
1154,154,B018,2,393.58,2025-04-25T23:00:00
1155,155,B013,1,574.36,2025-06-01T16:00:00
1156,155,B001,1,646.6,2026-01-07T22:00:00
1157,155,B004,1,612.34,2025-10-27T12:00:00
1158,155,B011,2,263.92,2025-06-23T16:00:00
1159,155,B016,1,661.88,2025-11-13T06:00:00
1160,156,B013,1,574.36,2025-08-22T23:00:00
1161,156,B006,1,591.87,2025-04-12T10:00:00
1162,156,B009,1,687.7,2025-03-23T01:00:00
1163,156,B018,1,393.58,2025-02-11T19:00:00
1164,156,B016,1,661.88,2025-03-07T04:00:00
1165,156,B016,1,661.88,2026-05-04T14:00:00
1166,156,B014,2,254.16,2025-03-16T06:00:00
1167,157,B014,1,254.16,2026-05-10T16:00:00
1168,157,B020,1,690.27,2025-09-12T10:00:00
1169,157,B002,1,370.42,2025-04-25T05:00:00
1170,157,B020,1,690.27,2026-06-06T15:00:00
1171,157,B018,1,393.58,2025-08-07T09:00:00
1172,158,B015,2,603.15,2025-10-29T11:00:00
1173,158,B008,2,765.6,2026-05-14T07:00:00
1174,158,B007,2,492.66,2025-12-17T08:00:00
1175,158,B015,1,603.15,2025-04-24T15:00:00
1176,158,B007,1,492.66,2025-07-24T17:00:00
1177,158,B007,1,492.66,2025-09-24T17:00:00
1178,158,B001,1,646.6,2025-08-08T05:00:00
1179,159,B011,1,263.92,2025-04-26T17:00:00
1180,159,B014,1,254.16,2026-03-18T08:00:00
1181,159,B014,2,254.16,2025-01-20T00:00:00
1182,159,B001,1,646.6,2025-12-01T17:00:00
1183,159,B002,1,370.42,2025-07-31T09:00:00
1184,159,B014,1,254.16,2025-02-10T04:00:00
1185,159,B018,1,393.58,2026-03-11T08:00:00
1186,159,B014,1,254.16,2025-05-07T12:00:00
1187,159,B015,1,603.15,2026-04-03T14:00:00
1188,159,B014,1,254.16,2026-06-13T03:00:00
1189,160,B006,1,591.87,2025-11-28T01:00:00
1190,160,B003,2,672.69,2025-05-12T16:00:00
1191,160,B008,1,765.6,2026-03-06T05:00:00
1192,160,B019,2,312.86,2025-01-31T15:00:00
1193,160,B001,1,646.6,2025-09-29T19:00:00
1194,160,B006,1,591.87,2025-02-17T17:00:00
1195,160,B019,1,312.86,2025-12-24T07:00:00
1196,160,B006,1,591.87,2026-04-26T08:00:00
1197,160,B001,1,646.6,2025-04-09T15:00:00
1198,161,B012,1,621.61,2025-05-15T10:00:00
1199,161,B007,1,492.66,2025-09-01T05:00:00
1200,161,B011,2,263.92,2026-05-11T11:00:00
1201,161,B007,1,492.66,2025-05-01T23:00:00
1202,161,B014,2,254.16,2025-07-10T08:00:00
1203,162,B014,1,254.16,2025-11-11T14:00:00
1204,162,B014,1,254.16,2026-06-01T05:00:00
1205,162,B003,1,672.69,2026-01-07T17:00:00
1206,162,B008,1,765.6,2025-04-13T21:00:00
1207,162,B019,2,312.86,2025-07-27T08:00:00
1208,162,B010,1,349.72,2025-06-14T07:00:00
1209,162,B007,1,492.66,2026-02-05T18:00:00
1210,162,B016,1,661.88,2025-05-24T12:00:00
1211,163,B015,1,603.15,2026-05-14T09:00:00
1212,163,B014,1,254.16,2026-03-19T13:00:00
1213,163,B014,1,254.16,2026-06-05T10:00:00
1214,163,B005,2,352.05,2025-03-27T00:00:00
1215,163,B012,1,621.61,2025-08-15T18:00:00
1216,163,B018,2,393.58,2026-01-20T19:00:00
1217,163,B014,1,254.16,2025-04-11T18:00:00
1218,163,B018,1,393.58,2025-01-30T23:00:00
1219,163,B020,1,690.27,2025-02-18T10:00:00
1220,164,B010,2,349.72,2026-01-27T06:00:00
1221,164,B009,1,687.7,2025-11-27T00:00:00
1222,164,B009,2,687.7,2025-10-31T17:00:00
1223,164,B016,2,661.88,2025-03-19T06:00:00
1224,164,B017,1,797.72,2025-05-30T22:00:00
1225,165,B016,1,661.88,2026-05-10T14:00:00
1226,165,B004,2,612.34,2026-06-16T18:00:00
1227,165,B001,1,646.6,2026-01-08T08:00:00
1228,165,B020,1,690.27,2025-08-29T10:00:00
1229,165,B015,1,603.15,2026-05-03T17:00:00
1230,165,B004,1,612.34,2025-08-18T14:00:00
1231,165,B007,1,492.66,2025-01-23T17:00:00
1232,165,B016,1,661.88,2026-05-04T22:00:00
1233,165,B001,2,646.6,2025-09-16T23:00:00
1234,165,B006,2,591.87,2025-05-17T12:00:00
1235,165,B019,2,312.86,2025-11-08T10:00:00
1236,166,B003,2,672.69,2026-02-01T13:00:00
1237,166,B020,1,690.27,2025-07-07T03:00:00
1238,166,B011,1,263.92,2025-09-16T15:00:00
1239,166,B014,1,254.16,2025-01-21T19:00:00
1240,166,B003,1,672.69,2025-04-08T05:00:00
1241,166,B003,1,672.69,2026-05-26T05:00:00
1242,166,B003,2,672.69,2026-01-19T18:00:00
1243,166,B012,2,621.61,2025-07-01T16:00:00
1244,166,B010,1,349.72,2025-03-09T10:00:00
1245,167,B002,1,370.42,2025-10-17T10:00:00
1246,167,B020,1,690.27,2026-03-13T12:00:00
1247,167,B010,2,349.72,2026-05-19T03:00:00
1248,167,B011,1,263.92,2025-06-27T20:00:00
1249,167,B016,1,661.88,2025-02-18T09:00:00
1250,168,B017,1,797.72,2025-04-30T09:00:00
1251,168,B017,1,797.72,2026-01-16T12:00:00
1252,168,B005,1,352.05,2026-02-28T12:00:00
1253,168,B012,1,621.61,2025-03-10T05:00:00
1254,168,B015,1,603.15,2025-10-19T17:00:00
1255,168,B010,1,349.72,2026-05-25T06:00:00
1256,168,B018,2,393.58,2025-04-22T03:00:00
1257,169,B009,1,687.7,2025-01-15T04:00:00
1258,169,B007,1,492.66,2025-12-25T14:00:00
1259,169,B013,1,574.36,2025-06-06T09:00:00
1260,169,B013,1,574.36,2025-06-14T04:00:00
1261,169,B011,1,263.92,2026-02-24T16:00:00
1262,169,B020,1,690.27,2025-11-26T11:00:00
1263,169,B014,1,254.16,2025-01-07T12:00:00
1264,170,B009,1,687.7,2025-07-30T07:00:00
1265,170,B020,2,690.27,2026-01-08T14:00:00
1266,170,B011,2,263.92,2025-11-11T06:00:00
1267,170,B019,1,312.86,2025-11-04T19:00:00
1268,170,B004,2,612.34,2025-06-10T21:00:00
1269,170,B011,1,263.92,2025-01-25T22:00:00
1270,170,B009,1,687.7,2025-06-09T20:00:00
1271,170,B005,1,352.05,2025-02-06T21:00:00
1272,171,B002,1,370.42,2025-12-13T22:00:00
1273,171,B020,1,690.27,2025-06-13T04:00:00
1274,171,B020,1,690.27,2025-05-31T14:00:00
1275,171,B008,1,765.6,2026-04-30T12:00:00
1276,172,B020,1,690.27,2026-06-17T00:00:00
1277,172,B018,2,393.58,2025-11-10T08:00:00
1278,172,B006,1,591.87,2025-07-24T15:00:00
1279,172,B004,1,612.34,2025-10-04T22:00:00
1280,172,B015,1,603.15,2025-09-25T17:00:00
1281,172,B013,1,574.36,2026-04-06T21:00:00
1282,172,B005,1,352.05,2025-04-20T07:00:00
1283,173,B015,1,603.15,2025-12-05T21:00:00
1284,173,B001,1,646.6,2025-03-23T12:00:00
1285,173,B017,1,797.72,2025-07-10T15:00:00
1286,173,B012,1,621.61,2026-06-04T00:00:00
1287,173,B004,1,612.34,2025-07-13T22:00:00
1288,173,B012,1,621.61,2025-08-22T05:00:00
1289,173,B017,2,797.72,2026-06-03T20:00:00
1290,173,B012,1,621.61,2025-12-20T23:00:00
1291,174,B007,1,492.66,2025-03-09T18:00:00
1292,174,B019,2,312.86,2026-05-07T11:00:00
1293,174,B019,2,312.86,2025-06-02T12:00:00
1294,174,B019,1,312.86,2025-01-17T12:00:00
1295,174,B018,1,393.58,2025-01-23T15:00:00
1296,174,B001,2,646.6,2025-10-12T07:00:00
1297,174,B015,2,603.15,2025-05-25T07:00:00
1298,174,B019,1,312.86,2026-03-03T15:00:00
1299,174,B009,2,687.7,2025-12-13T20:00:00
1300,174,B017,1,797.72,2025-05-13T16:00:00
1301,175,B020,1,690.27,2025-12-06T22:00:00
1302,175,B007,1,492.66,2026-05-16T18:00:00
1303,175,B003,1,672.69,2025-03-25T16:00:00
1304,175,B004,1,612.34,2025-03-02T15:00:00
1305,175,B016,1,661.88,2026-05-10T17:00:00
1306,176,B018,1,393.58,2026-04-03T20:00:00
1307,176,B017,2,797.72,2026-05-04T11:00:00
1308,176,B011,1,263.92,2026-03-21T20:00:00
1309,176,B011,1,263.92,2025-02-05T20:00:00
1310,176,B007,1,492.66,2025-03-11T04:00:00
1311,176,B016,1,661.88,2025-12-13T02:00:00
1312,176,B005,2,352.05,2025-03-05T16:00:00
1313,176,B004,1,612.34,2025-04-02T06:00:00
1314,176,B005,1,352.05,2025-09-25T07:00:00
1315,176,B001,1,646.6,2026-05-06T01:00:00
1316,176,B013,2,574.36,2025-05-21T16:00:00
1317,176,B008,1,765.6,2026-02-10T00:00:00
1318,177,B018,1,393.58,2026-01-19T16:00:00
1319,177,B011,1,263.92,2025-09-20T10:00:00
1320,177,B002,2,370.42,2025-10-20T14:00:00
1321,177,B014,1,254.16,2025-11-07T11:00:00
1322,177,B009,1,687.7,2025-09-16T06:00:00
1323,177,B002,2,370.42,2025-12-08T06:00:00
1324,177,B011,1,263.92,2025-02-01T19:00:00
1325,177,B002,1,370.42,2025-01-01T09:00:00
1326,177,B001,2,646.6,2025-08-09T20:00:00
1327,177,B015,1,603.15,2026-01-17T02:00:00
1328,177,B015,1,603.15,2025-02-05T03:00:00
1329,178,B015,1,603.15,2026-03-19T14:00:00
1330,178,B017,1,797.72,2025-02-15T21:00:00
1331,178,B010,1,349.72,2025-10-21T11:00:00
1332,178,B017,1,797.72,2026-04-29T17:00:00
1333,178,B007,2,492.66,2025-06-28T18:00:00
1334,178,B011,1,263.92,2026-05-22T21:00:00
1335,178,B003,1,672.69,2025-03-30T19:00:00
1336,178,B015,1,603.15,2026-01-03T20:00:00
1337,178,B009,1,687.7,2025-05-29T19:00:00
1338,179,B020,1,690.27,2026-06-01T03:00:00
1339,179,B005,1,352.05,2025-07-15T00:00:00
1340,179,B018,1,393.58,2025-03-15T02:00:00
1341,179,B009,1,687.7,2026-01-02T21:00:00
1342,179,B002,2,370.42,2026-01-19T06:00:00
1343,179,B018,1,393.58,2025-02-12T21:00:00
1344,179,B018,2,393.58,2025-12-26T00:00:00
1345,179,B011,1,263.92,2025-12-26T21:00:00
1346,179,B016,1,661.88,2026-05-15T02:00:00
1347,179,B014,2,254.16,2025-02-05T10:00:00
1348,180,B001,1,646.6,2025-05-01T22:00:00
1349,180,B016,1,661.88,2025-10-28T05:00:00
1350,180,B016,2,661.88,2025-06-08T02:00:00
1351,180,B018,1,393.58,2025-06-30T12:00:00
1352,180,B009,1,687.7,2025-04-29T03:00:00
1353,180,B007,2,492.66,2025-01-25T14:00:00
1354,180,B015,2,603.15,2026-01-13T20:00:00
1355,181,B008,1,765.6,2025-03-30T18:00:00
1356,181,B013,1,574.36,2026-01-18T17:00:00
1357,181,B002,1,370.42,2025-07-09T18:00:00
1358,181,B018,1,393.58,2026-01-16T01:00:00
1359,181,B008,2,765.6,2026-05-07T06:00:00
1360,181,B009,1,687.7,2025-08-08T03:00:00
1361,181,B019,2,312.86,2025-03-16T18:00:00
1362,182,B015,2,603.15,2026-01-14T08:00:00
1363,182,B018,2,393.58,2025-11-12T15:00:00
1364,182,B010,2,349.72,2025-05-21T15:00:00
1365,183,B014,1,254.16,2025-09-28T19:00:00
1366,183,B015,1,603.15,2025-05-23T22:00:00
1367,183,B014,1,254.16,2026-01-19T07:00:00
1368,183,B008,1,765.6,2026-04-16T17:00:00
1369,183,B020,1,690.27,2026-02-07T00:00:00
1370,183,B009,2,687.7,2026-03-07T06:00:00
1371,183,B008,2,765.6,2026-05-17T19:00:00
1372,183,B018,1,393.58,2025-05-03T04:00:00
1373,184,B009,1,687.7,2025-06-25T12:00:00
1374,184,B012,1,621.61,2025-10-04T15:00:00
1375,184,B002,1,370.42,2025-08-15T07:00:00
1376,184,B003,1,672.69,2025-08-14T08:00:00
1377,184,B014,1,254.16,2026-04-02T06:00:00
1378,184,B007,2,492.66,2026-03-31T14:00:00
1379,184,B006,1,591.87,2026-01-25T00:00:00
1380,184,B006,1,591.87,2026-03-24T16:00:00
1381,184,B019,1,312.86,2025-06-22T12:00:00
1382,184,B015,2,603.15,2025-01-21T15:00:00
1383,185,B005,1,352.05,2025-02-21T08:00:00
1384,185,B005,1,352.05,2025-07-10T07:00:00
1385,185,B004,2,612.34,2025-06-30T09:00:00
1386,185,B009,1,687.7,2025-03-10T03:00:00
1387,186,B005,1,352.05,2025-10-13T14:00:00
1388,186,B009,1,687.7,2025-03-10T12:00:00
1389,186,B015,1,603.15,2026-02-18T16:00:00
1390,186,B004,2,612.34,2026-02-19T08:00:00
1391,186,B003,1,672.69,2025-05-10T01:00:00
1392,186,B016,2,661.88,2025-11-03T11:00:00
1393,186,B006,1,591.87,2025-11-06T12:00:00
1394,186,B003,2,672.69,2026-03-26T08:00:00
1395,186,B008,2,765.6,2026-01-16T06:00:00
1396,187,B019,2,312.86,2026-06-09T17:00:00
1397,187,B007,1,492.66,2025-01-26T16:00:00
1398,187,B002,1,370.42,2025-12-09T19:00:00
1399,187,B012,1,621.61,2025-10-01T04:00:00
1400,187,B008,1,765.6,2025-10-10T12:00:00
1401,188,B007,1,492.66,2026-06-17T21:00:00
1402,188,B018,1,393.58,2026-03-21T15:00:00
1403,189,B017,1,797.72,2026-05-08T21:00:00
1404,189,B004,2,612.34,2025-02-28T13:00:00
1405,189,B013,1,574.36,2025-08-08T12:00:00
1406,189,B011,1,263.92,2025-06-18T10:00:00
1407,189,B008,1,765.6,2025-03-26T03:00:00
1408,189,B012,1,621.61,2025-06-05T01:00:00
1409,190,B003,1,672.69,2025-03-15T19:00:00
1410,190,B001,1,646.6,2026-04-30T14:00:00
1411,190,B015,1,603.15,2025-12-01T06:00:00
1412,190,B018,1,393.58,2025-02-07T02:00:00
1413,190,B011,1,263.92,2025-12-07T22:00:00
1414,190,B007,1,492.66,2026-03-22T13:00:00
1415,190,B017,1,797.72,2026-02-05T06:00:00
1416,191,B014,1,254.16,2026-05-14T10:00:00
1417,191,B018,1,393.58,2025-12-18T19:00:00
1418,191,B008,1,765.6,2025-07-26T06:00:00
1419,191,B012,1,621.61,2025-10-19T10:00:00
1420,191,B018,1,393.58,2025-09-18T12:00:00
1421,192,B016,1,661.88,2025-12-03T05:00:00
1422,192,B016,1,661.88,2025-01-22T03:00:00
1423,192,B010,2,349.72,2025-09-21T13:00:00
1424,192,B019,1,312.86,2025-01-04T07:00:00
1425,192,B016,2,661.88,2025-04-27T14:00:00
1426,193,B013,1,574.36,2025-12-17T05:00:00
1427,193,B007,2,492.66,2025-12-26T00:00:00
1428,193,B015,2,603.15,2026-02-17T06:00:00
1429,193,B009,2,687.7,2025-03-10T23:00:00
1430,193,B010,1,349.72,2026-04-14T12:00:00
1431,193,B005,1,352.05,2025-02-07T14:00:00
1432,193,B014,1,254.16,2026-04-20T02:00:00
1433,193,B018,2,393.58,2025-04-30T18:00:00
1434,193,B020,2,690.27,2025-09-09T09:00:00
1435,193,B020,2,690.27,2025-05-21T22:00:00
1436,194,B012,1,621.61,2025-03-22T07:00:00
1437,194,B018,1,393.58,2025-03-23T22:00:00
1438,194,B003,1,672.69,2026-02-20T17:00:00
1439,194,B004,1,612.34,2025-09-11T02:00:00
1440,194,B020,1,690.27,2025-07-12T15:00:00
1441,195,B004,1,612.34,2025-03-15T21:00:00
1442,195,B016,1,661.88,2025-04-26T18:00:00
1443,195,B001,1,646.6,2025-01-15T13:00:00
1444,195,B013,1,574.36,2025-11-29T13:00:00
1445,195,B008,2,765.6,2025-07-26T20:00:00
1446,195,B020,1,690.27,2025-09-06T15:00:00
1447,195,B006,1,591.87,2025-09-16T00:00:00
1448,195,B003,2,672.69,2026-04-15T16:00:00
1449,195,B005,2,352.05,2025-05-25T09:00:00
1450,195,B001,2,646.6,2026-04-30T16:00:00
1451,195,B002,1,370.42,2025-08-18T14:00:00
1452,195,B013,1,574.36,2026-02-04T08:00:00
1453,195,B001,1,646.6,2025-05-29T03:00:00
1454,196,B013,1,574.36,2025-07-07T20:00:00
1455,196,B013,1,574.36,2025-12-16T00:00:00
1456,196,B012,1,621.61,2025-07-24T20:00:00
1457,196,B017,1,797.72,2025-07-20T07:00:00
1458,196,B004,1,612.34,2025-09-04T17:00:00
1459,196,B004,1,612.34,2025-01-17T22:00:00
1460,197,B013,1,574.36,2025-01-12T18:00:00
1461,197,B014,1,254.16,2026-04-06T06:00:00
1462,197,B002,1,370.42,2025-09-04T01:00:00
1463,197,B014,1,254.16,2025-12-05T03:00:00
1464,197,B018,1,393.58,2025-10-12T00:00:00
1465,197,B004,1,612.34,2025-01-22T21:00:00
1466,197,B010,1,349.72,2025-08-28T23:00:00
1467,197,B002,1,370.42,2025-07-22T04:00:00
1468,198,B012,1,621.61,2025-06-12T15:00:00
1469,198,B015,1,603.15,2025-03-28T05:00:00
1470,198,B008,1,765.6,2025-12-04T14:00:00
1471,198,B015,1,603.15,2025-10-13T10:00:00
1472,198,B015,2,603.15,2025-01-21T06:00:00
1473,198,B015,1,603.15,2025-04-26T17:00:00
1474,199,B002,1,370.42,2025-10-10T10:00:00
1475,199,B019,1,312.86,2025-01-25T23:00:00
1476,199,B002,1,370.42,2025-01-27T23:00:00
1477,199,B002,1,370.42,2025-09-25T05:00:00
1478,199,B006,1,591.87,2026-05-04T09:00:00
1479,199,B018,2,393.58,2026-04-26T01:00:00
1480,200,B009,1,687.7,2026-01-20T23:00:00
1481,200,B006,2,591.87,2025-02-24T13:00:00
1482,200,B011,1,263.92,2026-04-17T19:00:00
1483,200,B004,1,612.34,2026-06-23T05:00:00
1484,200,B014,1,254.16,2025-09-12T16:00:00
1485,200,B006,1,591.87,2025-03-07T12:00:00
1486,200,B016,1,661.88,2025-05-25T22:00:00
1487,201,B008,2,765.6,2025-02-11T12:00:00
1488,201,B004,1,612.34,2025-10-25T01:00:00
1489,201,B006,1,591.87,2026-01-13T10:00:00
1490,201,B008,2,765.6,2025-01-24T21:00:00
1491,201,B014,1,254.16,2025-10-14T09:00:00
1492,201,B008,1,765.6,2025-04-22T11:00:00
1493,201,B006,1,591.87,2025-10-26T07:00:00
1494,201,B008,1,765.6,2025-07-18T16:00:00
1495,201,B002,2,370.42,2025-04-15T02:00:00
1496,202,B011,2,263.92,2026-02-03T03:00:00
1497,202,B013,1,574.36,2026-06-22T00:00:00
1498,202,B007,2,492.66,2025-01-31T18:00:00
1499,202,B007,2,492.66,2026-06-21T00:00:00
1500,203,B017,1,797.72,2025-05-23T13:00:00
1501,203,B011,2,263.92,2026-06-02T04:00:00
1502,203,B014,1,254.16,2025-12-12T13:00:00
1503,203,B009,2,687.7,2025-10-29T04:00:00
1504,203,B002,2,370.42,2025-12-12T07:00:00
1505,203,B016,1,661.88,2026-02-12T19:00:00
1506,203,B014,1,254.16,2026-04-12T02:00:00
1507,203,B014,1,254.16,2025-05-27T19:00:00
1508,203,B009,1,687.7,2025-02-11T03:00:00
1509,203,B001,1,646.6,2026-04-04T06:00:00
1510,204,B012,1,621.61,2026-01-10T18:00:00
1511,204,B011,1,263.92,2025-04-16T09:00:00
1512,204,B013,1,574.36,2026-04-30T04:00:00
1513,204,B009,1,687.7,2026-06-17T19:00:00
1514,204,B002,1,370.42,2026-02-22T21:00:00
1515,204,B007,1,492.66,2026-03-21T10:00:00
1516,205,B001,1,646.6,2025-12-11T03:00:00
1517,205,B014,1,254.16,2026-02-13T17:00:00
1518,205,B011,2,263.92,2026-03-21T19:00:00
1519,205,B006,1,591.87,2025-04-30T12:00:00
1520,205,B013,1,574.36,2025-12-09T00:00:00
1521,205,B003,2,672.69,2025-03-16T23:00:00
1522,205,B010,2,349.72,2025-07-01T20:00:00
1523,206,B003,1,672.69,2025-09-27T00:00:00
1524,206,B014,1,254.16,2025-07-23T06:00:00
1525,206,B003,1,672.69,2026-02-15T03:00:00
1526,206,B017,2,797.72,2025-01-01T12:00:00
1527,206,B013,1,574.36,2025-11-22T04:00:00
1528,206,B011,1,263.92,2025-07-14T06:00:00
1529,206,B010,2,349.72,2025-11-27T01:00:00
1530,206,B003,1,672.69,2025-02-14T03:00:00
1531,206,B017,1,797.72,2025-08-31T14:00:00
1532,206,B014,1,254.16,2026-02-12T15:00:00
1533,206,B016,1,661.88,2026-05-27T21:00:00
1534,207,B006,1,591.87,2025-11-23T13:00:00
1535,207,B010,2,349.72,2026-04-06T23:00:00
1536,207,B015,1,603.15,2025-05-02T14:00:00
1537,207,B015,1,603.15,2025-05-31T00:00:00
1538,207,B016,1,661.88,2025-06-03T23:00:00
1539,207,B016,1,661.88,2025-10-02T07:00:00
1540,207,B006,1,591.87,2025-01-17T05:00:00
1541,208,B019,1,312.86,2025-10-26T20:00:00
1542,208,B006,2,591.87,2025-10-18T11:00:00
1543,208,B011,2,263.92,2025-08-29T17:00:00
1544,208,B007,2,492.66,2026-05-22T19:00:00
1545,209,B013,1,574.36,2025-02-23T22:00:00
1546,209,B009,1,687.7,2026-01-05T12:00:00
1547,209,B016,1,661.88,2025-06-30T23:00:00
1548,209,B016,2,661.88,2025-07-06T16:00:00
1549,209,B011,1,263.92,2025-05-17T21:00:00
1550,209,B004,1,612.34,2025-08-16T06:00:00
1551,209,B020,1,690.27,2025-06-18T08:00:00
1552,209,B013,1,574.36,2025-06-21T18:00:00
1553,209,B005,1,352.05,2025-08-16T10:00:00
1554,209,B008,1,765.6,2025-01-27T20:00:00
1555,209,B013,1,574.36,2025-10-22T08:00:00
1556,210,B003,1,672.69,2025-04-01T10:00:00
1557,210,B011,1,263.92,2025-12-02T06:00:00
1558,210,B011,1,263.92,2025-08-08T13:00:00
1559,210,B002,1,370.42,2026-04-04T10:00:00
1560,210,B013,1,574.36,2025-10-18T02:00:00
1561,211,B002,1,370.42,2026-03-15T13:00:00
1562,211,B014,1,254.16,2026-03-29T08:00:00
1563,211,B002,1,370.42,2025-10-22T05:00:00
1564,212,B020,1,690.27,2026-01-17T20:00:00
1565,212,B005,1,352.05,2025-11-28T10:00:00
1566,212,B017,2,797.72,2025-10-18T09:00:00
1567,212,B018,1,393.58,2026-05-18T04:00:00
1568,212,B016,1,661.88,2025-06-03T23:00:00
1569,213,B019,1,312.86,2025-03-06T04:00:00
1570,213,B007,1,492.66,2025-01-08T20:00:00
1571,213,B019,1,312.86,2025-04-03T16:00:00
1572,213,B006,1,591.87,2025-06-19T15:00:00
1573,213,B016,1,661.88,2025-09-30T15:00:00
1574,213,B003,1,672.69,2025-02-03T10:00:00
1575,214,B014,1,254.16,2025-01-30T10:00:00
1576,214,B005,1,352.05,2025-08-08T23:00:00
1577,214,B012,1,621.61,2025-11-29T20:00:00
1578,214,B017,2,797.72,2026-03-04T03:00:00
1579,214,B005,2,352.05,2026-05-20T07:00:00
1580,215,B005,1,352.05,2026-03-26T00:00:00
1581,215,B005,2,352.05,2025-06-15T01:00:00
1582,215,B016,2,661.88,2026-05-25T23:00:00
1583,215,B012,1,621.61,2026-06-16T07:00:00
1584,215,B002,1,370.42,2025-02-25T17:00:00
1585,216,B014,2,254.16,2026-06-11T11:00:00
1586,216,B010,1,349.72,2025-02-11T06:00:00
1587,216,B013,1,574.36,2025-04-23T14:00:00
1588,216,B017,2,797.72,2025-01-25T02:00:00
1589,216,B009,1,687.7,2026-06-08T06:00:00
1590,216,B013,2,574.36,2026-03-02T15:00:00
1591,216,B013,1,574.36,2025-05-29T12:00:00
1592,216,B013,2,574.36,2025-04-29T06:00:00
1593,216,B017,1,797.72,2025-05-23T01:00:00
1594,217,B002,2,370.42,2025-10-28T18:00:00
1595,217,B020,1,690.27,2025-01-14T21:00:00
1596,217,B015,2,603.15,2025-04-13T02:00:00
1597,217,B002,1,370.42,2025-12-01T04:00:00
1598,217,B009,1,687.7,2025-01-18T18:00:00
1599,217,B018,1,393.58,2025-12-25T23:00:00
1600,217,B005,2,352.05,2025-01-18T03:00:00
1601,217,B018,1,393.58,2026-01-11T12:00:00
1602,218,B010,1,349.72,2025-03-29T13:00:00
1603,218,B004,1,612.34,2025-04-20T10:00:00
1604,218,B010,1,349.72,2025-02-03T07:00:00
1605,218,B007,1,492.66,2026-04-08T11:00:00
1606,219,B017,2,797.72,2025-02-09T06:00:00
1607,219,B020,1,690.27,2025-04-13T14:00:00
1608,219,B010,1,349.72,2026-03-10T16:00:00
1609,219,B012,1,621.61,2026-01-11T14:00:00
1610,219,B005,2,352.05,2025-07-20T16:00:00
1611,219,B014,1,254.16,2026-04-19T22:00:00
1612,219,B019,2,312.86,2026-05-19T09:00:00
1613,219,B012,2,621.61,2026-06-25T21:00:00
1614,219,B002,1,370.42,2025-09-17T15:00:00
1615,220,B003,1,672.69,2025-03-07T16:00:00
1616,220,B014,1,254.16,2026-05-02T00:00:00
1617,220,B016,1,661.88,2026-03-12T03:00:00
1618,220,B006,1,591.87,2026-05-13T21:00:00
1619,220,B018,1,393.58,2025-10-04T18:00:00
1620,220,B006,1,591.87,2026-05-20T20:00:00
1621,220,B016,2,661.88,2026-03-26T21:00:00
1622,220,B001,2,646.6,2025-10-27T03:00:00
1623,221,B007,1,492.66,2025-04-27T19:00:00
1624,221,B008,1,765.6,2025-05-23T00:00:00
1625,221,B007,1,492.66,2025-06-25T03:00:00
1626,221,B005,2,352.05,2026-06-10T19:00:00
1627,222,B007,1,492.66,2025-03-05T00:00:00
1628,222,B001,1,646.6,2025-07-04T06:00:00
1629,222,B009,2,687.7,2026-06-01T04:00:00
1630,222,B006,1,591.87,2025-04-01T18:00:00
1631,222,B010,1,349.72,2026-02-12T05:00:00
1632,223,B007,1,492.66,2025-09-06T20:00:00
1633,223,B014,1,254.16,2025-08-16T08:00:00
1634,223,B005,1,352.05,2025-06-04T16:00:00
1635,223,B006,1,591.87,2025-03-06T02:00:00
1636,223,B008,1,765.6,2026-05-02T23:00:00
1637,223,B001,1,646.6,2026-06-08T03:00:00
1638,224,B001,1,646.6,2025-01-03T12:00:00
1639,224,B005,1,352.05,2026-03-30T08:00:00
1640,224,B007,2,492.66,2025-12-01T19:00:00
1641,224,B001,1,646.6,2025-09-29T17:00:00
1642,224,B002,1,370.42,2025-04-03T10:00:00
1643,224,B015,1,603.15,2025-02-20T03:00:00
1644,224,B014,2,254.16,2025-02-15T11:00:00
1645,224,B015,2,603.15,2025-08-21T19:00:00
1646,224,B009,1,687.7,2025-02-27T12:00:00
1647,224,B015,1,603.15,2025-11-05T04:00:00
1648,224,B010,1,349.72,2026-03-22T13:00:00
1649,225,B005,1,352.05,2026-06-03T19:00:00
1650,225,B016,1,661.88,2025-07-08T13:00:00
1651,225,B006,1,591.87,2025-07-11T03:00:00
1652,225,B017,1,797.72,2026-02-04T00:00:00
1653,225,B011,1,263.92,2025-04-13T02:00:00
1654,225,B016,1,661.88,2026-06-14T20:00:00
1655,225,B006,2,591.87,2025-01-16T03:00:00
1656,225,B006,1,591.87,2026-05-22T17:00:00
1657,226,B007,1,492.66,2026-05-06T10:00:00
1658,226,B020,1,690.27,2026-01-31T17:00:00
1659,226,B003,1,672.69,2025-06-29T09:00:00
1660,226,B016,2,661.88,2025-10-02T01:00:00
1661,226,B003,2,672.69,2025-03-28T14:00:00
1662,227,B014,1,254.16,2025-12-29T22:00:00
1663,227,B014,1,254.16,2025-02-12T08:00:00
1664,227,B007,1,492.66,2025-11-09T00:00:00
1665,227,B015,1,603.15,2026-02-10T14:00:00
1666,227,B010,1,349.72,2025-03-10T13:00:00
1667,227,B017,1,797.72,2026-01-06T22:00:00
1668,228,B016,2,661.88,2025-05-17T15:00:00
1669,228,B018,1,393.58,2025-09-17T12:00:00
1670,228,B017,1,797.72,2026-01-26T22:00:00
1671,228,B008,1,765.6,2025-08-20T18:00:00
1672,228,B003,1,672.69,2026-05-27T00:00:00
1673,228,B013,1,574.36,2025-08-04T05:00:00
1674,228,B020,1,690.27,2025-08-06T05:00:00
1675,228,B013,1,574.36,2025-01-16T05:00:00
1676,228,B007,1,492.66,2026-01-31T14:00:00
1677,228,B010,1,349.72,2026-05-08T22:00:00
1678,228,B015,1,603.15,2025-10-30T06:00:00
1679,228,B014,1,254.16,2025-08-29T17:00:00
1680,229,B014,1,254.16,2025-03-18T10:00:00
1681,229,B015,1,603.15,2026-02-04T13:00:00
1682,229,B014,2,254.16,2025-08-19T09:00:00
1683,229,B012,1,621.61,2025-10-03T19:00:00
1684,229,B004,1,612.34,2025-07-19T13:00:00
1685,229,B005,2,352.05,2025-05-25T12:00:00
1686,229,B008,2,765.6,2026-04-16T00:00:00
1687,229,B005,1,352.05,2026-05-12T19:00:00
1688,229,B013,1,574.36,2026-03-16T05:00:00
1689,229,B001,1,646.6,2025-03-31T04:00:00
1690,229,B020,1,690.27,2026-01-25T00:00:00
1691,230,B015,1,603.15,2025-05-01T14:00:00
1692,230,B020,1,690.27,2025-05-22T15:00:00
1693,230,B019,2,312.86,2025-05-29T08:00:00
1694,230,B019,1,312.86,2026-03-23T08:00:00
1695,230,B015,1,603.15,2026-05-04T10:00:00
1696,231,B002,2,370.42,2025-08-05T04:00:00
1697,231,B014,2,254.16,2025-10-14T00:00:00
1698,231,B001,1,646.6,2026-06-14T05:00:00
1699,231,B014,2,254.16,2025-09-04T02:00:00
1700,231,B002,1,370.42,2026-01-18T00:00:00
1701,231,B020,1,690.27,2025-03-02T02:00:00
1702,231,B001,1,646.6,2025-11-19T05:00:00
1703,231,B014,1,254.16,2025-08-21T14:00:00
1704,232,B002,2,370.42,2025-05-25T18:00:00
1705,232,B007,1,492.66,2025-08-07T13:00:00
1706,232,B005,1,352.05,2026-04-29T03:00:00
1707,232,B005,1,352.05,2025-03-14T01:00:00
1708,232,B020,1,690.27,2025-08-07T23:00:00
1709,232,B005,1,352.05,2026-05-31T06:00:00
1710,233,B011,1,263.92,2025-11-29T03:00:00
1711,233,B011,1,263.92,2025-04-15T07:00:00
1712,233,B009,1,687.7,2026-04-01T21:00:00
1713,233,B010,2,349.72,2026-01-01T01:00:00
1714,233,B005,1,352.05,2025-02-21T02:00:00
1715,234,B007,2,492.66,2025-03-09T01:00:00
1716,234,B012,1,621.61,2025-05-02T00:00:00
1717,234,B019,1,312.86,2025-08-08T13:00:00
1718,234,B014,2,254.16,2025-12-15T04:00:00
1719,234,B015,2,603.15,2025-03-02T02:00:00
1720,234,B019,2,312.86,2026-01-19T07:00:00
1721,235,B006,1,591.87,2025-04-08T02:00:00
1722,235,B001,1,646.6,2026-03-08T21:00:00
1723,235,B002,1,370.42,2026-02-28T16:00:00
1724,235,B006,1,591.87,2025-04-01T12:00:00
1725,235,B001,1,646.6,2026-03-10T09:00:00
1726,235,B006,1,591.87,2025-05-25T14:00:00
1727,236,B003,1,672.69,2025-06-25T02:00:00
1728,236,B006,1,591.87,2026-05-16T23:00:00
1729,236,B013,1,574.36,2025-08-05T17:00:00
1730,236,B019,1,312.86,2025-12-14T07:00:00
1731,237,B008,1,765.6,2025-10-12T08:00:00
1732,237,B014,1,254.16,2025-07-20T22:00:00
1733,237,B003,1,672.69,2025-01-14T04:00:00
1734,237,B002,1,370.42,2025-05-14T22:00:00
1735,238,B015,1,603.15,2026-02-10T06:00:00
1736,238,B004,1,612.34,2025-08-25T14:00:00
1737,238,B008,1,765.6,2025-04-09T19:00:00
1738,238,B007,1,492.66,2025-01-24T20:00:00
1739,238,B017,1,797.72,2025-03-17T15:00:00
1740,238,B010,1,349.72,2025-05-03T00:00:00
1741,238,B010,1,349.72,2026-02-06T05:00:00
1742,238,B017,1,797.72,2025-07-27T03:00:00
1743,239,B013,2,574.36,2025-07-13T22:00:00
1744,239,B020,2,690.27,2025-05-13T05:00:00
1745,239,B010,1,349.72,2025-05-01T02:00:00
1746,239,B018,1,393.58,2026-02-25T21:00:00
1747,239,B011,1,263.92,2025-09-03T23:00:00
1748,239,B010,1,349.72,2026-01-25T08:00:00
1749,240,B005,1,352.05,2025-12-05T14:00:00
1750,240,B003,1,672.69,2025-12-10T06:00:00
1751,240,B016,2,661.88,2026-04-29T08:00:00
1752,240,B016,1,661.88,2025-03-07T13:00:00
1753,240,B004,1,612.34,2025-12-18T09:00:00
1754,240,B001,1,646.6,2025-11-10T16:00:00
1755,240,B016,2,661.88,2026-01-26T12:00:00
1756,240,B006,1,591.87,2025-05-02T08:00:00
1757,241,B007,1,492.66,2025-01-19T00:00:00
1758,241,B010,1,349.72,2025-12-31T05:00:00
1759,241,B016,1,661.88,2025-11-22T05:00:00
1760,241,B008,2,765.6,2026-04-17T08:00:00
1761,241,B015,1,603.15,2025-01-26T22:00:00
1762,241,B006,1,591.87,2025-05-16T18:00:00
1763,242,B004,1,612.34,2025-02-16T01:00:00
1764,242,B018,1,393.58,2025-07-02T23:00:00
1765,242,B013,1,574.36,2025-07-19T03:00:00
1766,242,B015,1,603.15,2025-07-23T03:00:00
1767,242,B018,1,393.58,2025-09-10T11:00:00
1768,243,B016,1,661.88,2025-08-16T11:00:00
1769,243,B018,1,393.58,2025-03-31T16:00:00
1770,243,B018,2,393.58,2026-06-08T05:00:00
1771,243,B014,1,254.16,2025-07-24T12:00:00
1772,243,B014,1,254.16,2025-06-09T12:00:00
1773,243,B001,2,646.6,2025-07-07T22:00:00
1774,244,B004,1,612.34,2025-02-28T12:00:00
1775,244,B020,1,690.27,2026-05-06T07:00:00
1776,244,B013,1,574.36,2025-04-18T07:00:00
1777,244,B019,2,312.86,2025-01-14T21:00:00
1778,245,B001,2,646.6,2025-08-05T18:00:00
1779,245,B016,1,661.88,2025-07-09T01:00:00
1780,245,B016,1,661.88,2025-01-19T08:00:00
1781,245,B011,2,263.92,2025-07-26T18:00:00
1782,245,B016,2,661.88,2026-02-18T14:00:00
1783,245,B018,1,393.58,2026-06-20T15:00:00
1784,245,B014,1,254.16,2026-05-11T07:00:00
1785,245,B006,1,591.87,2026-05-02T20:00:00
1786,245,B016,1,661.88,2025-11-13T06:00:00
1787,245,B001,1,646.6,2026-01-27T10:00:00
1788,245,B011,1,263.92,2025-12-09T05:00:00
1789,245,B006,1,591.87,2026-05-13T12:00:00
1790,245,B006,1,591.87,2026-04-13T09:00:00
1791,246,B008,1,765.6,2025-12-05T01:00:00
1792,246,B004,2,612.34,2025-08-14T15:00:00
1793,246,B010,2,349.72,2026-03-13T19:00:00
1794,246,B008,1,765.6,2026-01-25T07:00:00
1795,246,B004,1,612.34,2026-04-23T23:00:00
1796,246,B007,2,492.66,2025-06-15T16:00:00
1797,246,B007,1,492.66,2026-03-13T09:00:00
1798,246,B019,1,312.86,2025-12-10T19:00:00
1799,246,B007,1,492.66,2026-03-22T07:00:00
1800,246,B003,1,672.69,2025-10-27T23:00:00
1801,246,B018,1,393.58,2025-11-09T19:00:00
1802,246,B020,1,690.27,2026-04-07T09:00:00
1803,246,B003,1,672.69,2025-09-28T00:00:00
1804,247,B010,1,349.72,2025-02-14T15:00:00
1805,247,B012,1,621.61,2026-01-15T10:00:00
1806,247,B010,1,349.72,2025-05-09T01:00:00
1807,247,B018,1,393.58,2026-03-20T09:00:00
1808,247,B020,1,690.27,2025-08-17T18:00:00
1809,247,B015,1,603.15,2026-02-06T06:00:00
1810,247,B007,1,492.66,2025-09-25T22:00:00
1811,247,B007,1,492.66,2026-02-11T12:00:00
1812,247,B017,2,797.72,2025-02-04T07:00:00
1813,247,B011,1,263.92,2025-09-29T13:00:00
1814,248,B011,2,263.92,2025-06-06T20:00:00
1815,248,B014,1,254.16,2025-10-20T02:00:00
1816,248,B017,1,797.72,2026-01-11T01:00:00
1817,248,B017,1,797.72,2025-12-13T05:00:00
1818,248,B010,1,349.72,2025-06-13T06:00:00
1819,248,B017,1,797.72,2025-08-28T00:00:00
1820,248,B017,1,797.72,2025-04-21T06:00:00
1821,248,B001,2,646.6,2025-07-22T08:00:00
1822,248,B017,1,797.72,2026-03-15T14:00:00
1823,248,B016,1,661.88,2025-12-22T10:00:00
1824,248,B017,1,797.72,2025-08-04T01:00:00
1825,248,B018,1,393.58,2025-09-22T15:00:00
1826,248,B014,2,254.16,2025-02-17T04:00:00
1827,248,B007,1,492.66,2025-01-17T02:00:00
1828,248,B017,1,797.72,2025-05-16T09:00:00
1829,249,B016,1,661.88,2025-07-07T08:00:00
1830,249,B013,1,574.36,2026-04-26T20:00:00
1831,249,B016,1,661.88,2026-02-08T17:00:00
1832,249,B008,1,765.6,2025-05-31T07:00:00
1833,249,B013,1,574.36,2025-03-20T05:00:00
1834,249,B016,1,661.88,2025-05-03T16:00:00
1835,250,B011,1,263.92,2025-09-15T22:00:00
1836,250,B002,1,370.42,2025-04-23T15:00:00
1837,250,B016,1,661.88,2026-02-02T23:00:00
1838,250,B007,1,492.66,2025-07-06T05:00:00
1839,250,B001,1,646.6,2026-01-20T05:00:00
1840,250,B003,2,672.69,2026-03-30T00:00:00
