user_id,book_id,rating,timestamp
1,B012,2.7,2025-11-19T06:00:00
1,B009,4.0,2026-04-15T04:00:00
1,B006,2.9,2025-09-27T23:00:00
1,B008,2.8,2026-02-13T11:00:00
1,B007,3.0,2025-04-04T01:00:00
1,B019,2.4,2026-03-09T19:00:00
1,B013,4.5,2026-04-25T16:00:00
1,B015,3.8,2025-09-27T16:00:00
1,B002,4.0,2025-04-19T20:00:00
1,B016,4.2,2025-01-01T19:00:00
1,B018,3.4,2025-07-25T22:00:00
1,B010,1.6,2026-06-14T14:00:00
2,B010,4.9,2026-02-21T06:00:00
2,B011,2.1,2026-02-25T14:00:00
2,B001,3.8,2025-03-04T12:00:00
2,B015,4.0,2025-04-22T07:00:00
2,B002,3.6,2025-10-13T14:00:00
2,B003,3.1,2025-04-11T01:00:00
2,B007,3.8,2025-06-20T13:00:00
2,B017,2.8,2025-03-12T19:00:00
3,B011,2.6,2025-12-24T02:00:00
3,B017,4.5,2025-06-11T14:00:00
3,B007,2.9,2025-01-09T21:00:00
3,B008,2.8,2025-04-17T04:00:00
3,B018,3.2,2025-06-09T08:00:00
3,B002,3.6,2025-07-28T21:00:00
3,B013,3.1,2026-05-16T08:00:00
3,B020,4.1,2025-04-05T20:00:00
3,B004,2.3,2025-06-02T17:00:00
3,B006,3.9,2025-06-01T13:00:00
4,B018,3.3,2025-06-08T07:00:00
4,B006,3.9,2025-07-01T13:00:00
4,B003,3.5,2025-10-01T05:00:00
4,B015,2.5,2026-04-27T07:00:00
4,B009,5.0,2025-10-13T02:00:00
4,B011,3.1,2026-06-06T12:00:00
5,B019,3.6,2025-07-14T08:00:00
5,B001,4.1,2025-07-21T11:00:00
5,B020,4.4,2025-05-08T23:00:00
5,B002,2.9,2026-02-23T10:00:00
5,B005,3.1,2025-06-28T19:00:00
5,B006,4.2,2025-11-26T14:00:00
5,B016,4.3,2025-06-23T21:00:00
5,B012,3.6,2025-09-08T15:00:00
5,B009,3.5,2026-04-12T13:00:00
6,B018,3.8,2025-09-13T03:00:00
6,B017,2.9,2025-11-21T14:00:00
6,B015,2.9,2025-06-12T23:00:00
6,B003,3.6,2025-09-11T20:00:00
6,B016,2.8,2025-10-09T14:00:00
6,B013,2.7,2025-11-24T17:00:00
6,B008,3.6,2025-08-08T02:00:00
7,B002,3.2,2025-08-14T15:00:00
7,B015,1.7,2026-02-03T10:00:00
7,B009,3.2,2025-06-19T14:00:00
7,B019,4.0,2025-03-27T20:00:00
7,B001,3.0,2026-01-24T10:00:00
7,B017,5.0,2026-01-24T08:00:00
7,B011,4.4,2025-09-16T02:00:00
7,B010,3.8,2025-12-25T07:00:00
7,B007,4.5,2025-06-06T07:00:00
8,B014,3.6,2025-02-12T11:00:00
8,B018,4.0,2025-01-13T13:00:00
8,B010,4.8,2026-04-16T22:00:00
8,B019,3.6,2025-10-04T19:00:00
8,B005,3.1,2026-05-11T14:00:00
8,B015,2.0,2025-09-09T02:00:00
8,B017,5.0,2026-01-24T10:00:00
8,B006,3.2,2025-12-30T08:00:00
8,B008,4.7,2025-09-04T22:00:00
9,B006,4.4,2026-06-22T19:00:00
9,B020,3.7,2025-10-31T07:00:00
9,B012,3.8,2025-05-10T08:00:00
9,B009,4.2,2025-01-13T18:00:00
9,B005,3.7,2025-07-08T01:00:00
9,B004,3.1,2026-02-15T15:00:00
9,B013,4.4,2025-11-08T02:00:00
9,B019,2.6,2025-08-01T20:00:00
10,B014,3.2,2025-01-22T21:00:00
10,B011,4.4,2025-06-29T15:00:00
10,B007,3.4,2025-07-05T18:00:00
10,B003,2.4,2026-04-27T11:00:00
10,B013,3.8,2025-06-14T10:00:00
10,B019,4.1,2025-11-28T03:00:00
10,B002,4.6,2026-05-26T20:00:00
10,B001,5.0,2025-05-15T09:00:00
10,B008,3.2,2025-04-06T07:00:00
10,B020,3.0,2025-09-07T14:00:00
10,B017,3.2,2026-06-05T23:00:00
11,B018,5.0,2026-05-11T11:00:00
11,B019,3.3,2025-11-26T06:00:00
11,B009,2.5,2025-08-28T13:00:00
11,B006,3.5,2025-06-05T15:00:00
11,B001,3.4,2025-12-06T03:00:00
11,B014,4.6,2026-02-12T20:00:00
11,B016,2.9,2026-01-25T10:00:00
11,B020,5.0,2026-05-15T17:00:00
11,B013,3.6,2025-08-21T23:00:00
12,B007,3.7,2025-07-04T05:00:00
12,B013,2.9,2025-09-04T15:00:00
12,B018,3.7,2025-09-18T14:00:00
12,B002,3.9,2026-04-22T09:00:00
12,B016,2.6,2025-12-20T18:00:00
12,B005,2.9,2026-04-13T09:00:00
12,B004,3.1,2025-10-30T00:00:00
12,B009,3.6,2025-10-09T00:00:00
13,B018,2.5,2025-07-14T19:00:00
13,B014,2.3,2025-02-10T09:00:00
13,B016,3.5,2025-05-15T02:00:00
13,B015,1.9,2025-10-07T05:00:00
13,B006,4.3,2025-10-30T23:00:00
14,B011,3.0,2025-12-02T19:00:00
14,B017,3.7,2026-04-21T22:00:00
14,B015,4.4,2025-05-19T12:00:00
14,B019,5.0,2025-06-08T13:00:00
14,B003,2.6,2025-08-30T11:00:00
14,B006,3.6,2026-01-03T01:00:00
14,B001,4.0,2026-04-11T02:00:00
15,B020,3.4,2025-09-14T05:00:00
15,B001,3.0,2025-09-01T18:00:00
15,B006,4.4,2025-05-10T23:00:00
15,B016,4.0,2025-04-22T14:00:00
15,B003,1.8,2026-06-18T09:00:00
15,B010,3.5,2026-03-31T02:00:00
15,B011,4.7,2025-06-01T02:00:00
15,B004,3.8,2025-08-09T13:00:00
15,B012,5.0,2026-05-01T02:00:00
15,B005,3.1,2026-01-17T04:00:00
16,B003,2.8,2025-01-27T19:00:00
16,B011,4.7,2025-10-01T00:00:00
16,B004,4.3,2025-12-26T00:00:00
16,B010,3.3,2026-02-15T02:00:00
16,B016,3.5,2025-08-09T12:00:00
16,B006,3.9,2025-11-29T18:00:00
16,B012,3.4,2025-06-09T05:00:00
16,B009,1.9,2026-06-24T21:00:00
16,B014,4.8,2025-09-19T09:00:00
17,B003,3.8,2026-03-04T09:00:00
17,B010,2.7,2025-06-25T19:00:00
17,B018,5.0,2025-09-07T13:00:00
17,B014,3.7,2026-02-10T09:00:00
17,B019,3.3,2025-03-20T16:00:00
17,B002,4.4,2025-09-20T06:00:00
17,B020,4.6,2025-03-19T05:00:00
17,B001,3.3,2025-11-27T20:00:00
18,B013,3.9,2025-10-17T12:00:00
18,B007,4.5,2025-02-23T20:00:00
18,B010,3.8,2026-01-31T09:00:00
18,B005,3.7,2025-05-25T11:00:00
18,B002,3.9,2025-11-14T17:00:00
18,B004,2.5,2026-06-24T02:00:00
18,B017,3.2,2026-01-06T00:00:00
18,B015,5.0,2025-04-14T16:00:00
18,B006,4.6,2025-05-15T19:00:00
18,B008,2.1,2025-07-24T19:00:00
19,B014,4.8,2025-12-24T00:00:00
19,B002,4.6,2025-08-30T12:00:00
19,B019,1.8,2025-01-29T10:00:00
19,B007,4.4,2026-04-29T22:00:00
19,B018,5.0,2026-04-26T14:00:00
19,B006,2.8,2025-01-20T08:00:00
19,B020,3.5,2026-06-25T13:00:00
19,B012,3.4,2025-01-17T20:00:00
19,B004,3.7,2025-07-11T21:00:00
19,B013,4.5,2026-01-05T02:00:00
20,B010,4.1,2025-06-29T21:00:00
20,B006,4.6,2025-05-19T02:00:00
20,B008,3.2,2025-02-07T09:00:00
20,B013,3.1,2025-11-20T09:00:00
20,B020,3.4,2025-07-15T09:00:00
20,B005,4.7,2025-12-06T08:00:00
20,B001,3.8,2026-02-14T23:00:00
20,B016,4.3,2025-07-11T15:00:00
21,B017,4.3,2026-04-06T11:00:00
21,B013,4.8,2026-01-11T12:00:00
21,B008,4.6,2025-01-27T23:00:00
21,B004,4.5,2025-05-01T08:00:00
21,B006,2.6,2025-08-08T19:00:00
21,B012,2.9,2025-03-17T14:00:00
21,B019,3.0,2025-10-25T09:00:00
21,B001,3.9,2025-06-28T11:00:00
22,B008,4.0,2025-07-06T04:00:00
22,B015,3.4,2026-06-15T04:00:00
22,B010,3.5,2025-08-19T11:00:00
22,B012,3.5,2025-10-18T02:00:00
22,B003,3.0,2025-04-06T16:00:00
22,B007,5.0,2025-06-07T05:00:00
22,B020,3.0,2025-12-12T18:00:00
22,B013,2.4,2026-02-13T04:00:00
22,B014,2.9,2025-09-11T04:00:00
23,B020,3.7,2025-02-19T01:00:00
23,B018,3.5,2025-01-09T03:00:00
23,B003,3.6,2026-02-17T11:00:00
23,B002,4.8,2025-07-19T11:00:00
23,B013,3.4,2026-02-08T11:00:00
23,B014,4.7,2025-02-16T01:00:00
23,B011,3.1,2025-11-23T05:00:00
23,B005,3.3,2025-01-18T11:00:00
24,B009,3.3,2025-11-18T13:00:00
24,B020,3.6,2026-04-28T23:00:00
24,B015,2.9,2026-06-16T06:00:00
24,B010,2.9,2025-12-17T17:00:00
24,B014,2.9,2025-07-16T07:00:00
24,B011,3.7,2025-10-23T22:00:00
24,B005,3.4,2025-12-24T17:00:00
24,B012,5.0,2025-10-08T09:00:00
24,B017,3.5,2025-10-25T01:00:00
24,B004,4.2,2026-03-29T20:00:00
24,B013,3.0,2025-10-05T17:00:00
24,B001,2.8,2025-09-03T07:00:00
24,B019,2.8,2025-02-23T03:00:00
24,B003,2.3,2025-01-06T17:00:00
25,B001,3.9,2025-02-08T00:00:00
25,B016,3.8,2025-12-10T09:00:00
25,B013,1.9,2025-05-18T16:00:00
25,B004,2.4,2025-12-05T05:00:00
25,B018,4.1,2025-04-08T05:00:00
25,B006,3.4,2025-09-12T00:00:00
25,B002,3.6,2026-04-11T23:00:00
26,B002,4.0,2026-05-16T02:00:00
26,B010,3.4,2025-02-26T14:00:00
26,B009,4.1,2025-03-01T17:00:00
26,B003,2.6,2025-03-16T01:00:00
26,B004,2.9,2025-03-03T02:00:00
27,B004,4.0,2026-04-17T11:00:00
27,B020,2.1,2025-04-26T01:00:00
27,B009,3.5,2025-01-17T07:00:00
27,B005,4.1,2026-04-03T19:00:00
27,B015,4.5,2025-02-27T04:00:00
27,B010,2.9,2026-06-18T07:00:00
27,B007,4.6,2025-11-04T12:00:00
28,B017,4.4,2026-01-15T02:00:00
28,B004,4.4,2025-02-10T02:00:00
28,B012,4.1,2025-12-07T09:00:00
28,B002,3.6,2025-05-01T23:00:00
28,B010,3.9,2025-09-06T22:00:00
28,B013,3.0,2026-01-04T16:00:00
28,B007,3.3,2026-02-28T01:00:00
28,B008,3.1,2025-01-17T08:00:00
28,B011,3.0,2025-09-09T15:00:00
29,B004,5.0,2025-03-02T16:00:00
29,B016,3.1,2025-02-19T00:00:00
29,B020,3.7,2025-01-10T06:00:00
29,B013,4.2,2026-05-10T21:00:00
29,B010,2.7,2026-02-26T00:00:00
29,B015,3.6,2025-07-03T03:00:00
29,B018,3.5,2025-03-24T20:00:00
29,B012,2.8,2025-02-02T02:00:00
30,B015,3.8,2025-08-01T18:00:00
30,B011,3.3,2025-11-03T05:00:00
30,B017,2.7,2026-02-03T21:00:00
30,B003,3.2,2025-05-24T22:00:00
30,B002,3.8,2025-12-15T19:00:00
30,B006,4.1,2026-02-11T10:00:00
30,B018,4.3,2026-01-25T02:00:00
30,B019,3.4,2025-07-11T13:00:00
30,B001,3.6,2025-09-06T18:00:00
30,B008,2.9,2026-03-08T09:00:00
31,B018,4.7,2026-03-17T20:00:00
31,B014,3.5,2025-07-25T15:00:00
31,B015,3.9,2025-10-26T23:00:00
31,B013,2.5,2025-09-06T10:00:00
31,B002,5.0,2025-07-24T18:00:00
31,B001,3.2,2025-01-28T23:00:00
31,B011,3.2,2025-10-26T22:00:00
31,B019,4.2,2025-05-23T20:00:00
31,B010,3.1,2026-03-10T12:00:00
31,B020,5.0,2026-06-03T22:00:00
31,B012,3.7,2026-01-04T22:00:00
32,B018,3.3,2025-08-15T14:00:00
32,B003,3.2,2026-05-28T04:00:00
32,B005,4.9,2025-10-30T13:00:00
32,B012,3.6,2025-12-23T09:00:00
32,B004,3.7,2025-12-23T15:00:00
32,B011,3.8,2025-11-04T01:00:00
32,B010,3.5,2025-04-22T21:00:00
32,B020,3.4,2025-07-10T20:00:00
32,B016,3.6,2025-08-08T06:00:00
32,B014,3.7,2025-11-01T19:00:00
32,B013,1.9,2026-06-08T12:00:00
33,B005,3.2,2026-01-29T17:00:00
33,B012,3.4,2026-05-19T13:00:00
33,B013,2.2,2025-06-21T02:00:00
33,B020,4.5,2025-06-22T14:00:00
33,B004,3.2,2025-08-12T13:00:00
33,B008,2.9,2025-02-03T14:00:00
33,B011,3.9,2025-05-01T07:00:00
33,B002,4.1,2026-03-15T05:00:00
33,B009,2.8,2025-07-31T01:00:00
33,B001,3.4,2025-06-22T10:00:00
34,B004,3.9,2025-11-26T07:00:00
34,B019,4.7,2026-05-17T04:00:00
34,B010,4.4,2026-03-01T12:00:00
34,B002,4.3,2025-10-12T22:00:00
34,B007,4.1,2026-05-15T10:00:00
34,B016,3.5,2025-04-06T23:00:00
34,B017,3.1,2026-01-02T02:00:00
35,B016,2.7,2025-11-06T05:00:00
35,B017,3.2,2025-04-06T20:00:00
35,B001,3.7,2025-08-28T13:00:00
35,B013,3.3,2025-01-02T06:00:00
35,B018,3.1,2025-08-23T12:00:00
35,B002,4.3,2025-11-03T04:00:00
35,B007,1.5,2025-05-27T02:00:00
35,B020,4.3,2025-06-18T14:00:00
35,B006,5.0,2025-06-05T13:00:00
36,B013,4.1,2025-03-14T16:00:00
36,B004,2.3,2025-11-21T04:00:00
36,B019,4.3,2025-06-26T15:00:00
36,B001,4.4,2025-01-18T18:00:00
36,B016,2.1,2026-02-12T16:00:00
36,B017,3.5,2026-02-16T02:00:00
36,B007,1.5,2025-09-02T01:00:00
36,B014,3.2,2025-06-29T03:00:00
36,B015,4.1,2025-06-17T15:00:00
37,B010,3.4,2026-04-29T11:00:00
37,B006,3.0,2026-03-06T07:00:00
37,B002,3.0,2025-11-24T08:00:00
37,B014,4.5,2025-05-03T16:00:00
37,B018,3.5,2026-06-13T01:00:00
37,B005,3.3,2025-10-17T09:00:00
37,B020,2.8,2025-07-20T23:00:00
38,B013,3.7,2025-05-26T22:00:00
38,B015,4.6,2026-06-17T13:00:00
38,B001,2.3,2025-03-28T18:00:00
38,B007,4.5,2026-02-08T02:00:00
38,B009,2.8,2026-02-07T22:00:00
38,B020,3.4,2026-04-20T08:00:00
38,B010,4.3,2025-02-11T06:00:00
38,B019,4.0,2025-04-04T22:00:00
39,B014,4.1,2025-03-18T00:00:00
39,B002,3.9,2025-12-06T03:00:00
39,B018,3.7,2026-03-13T05:00:00
39,B005,4.2,2025-09-13T20:00:00
39,B004,3.5,2025-01-20T12:00:00
39,B011,2.4,2026-05-12T11:00:00
39,B017,3.8,2026-02-02T08:00:00
39,B020,5.0,2025-01-31T08:00:00
40,B006,4.2,2026-05-20T17:00:00
40,B016,4.1,2025-08-27T19:00:00
40,B002,4.1,2025-11-28T01:00:00
40,B011,4.4,2026-06-23T11:00:00
40,B015,3.3,2025-06-11T23:00:00
40,B018,4.2,2026-05-14T20:00:00
40,B001,3.1,2025-06-29T12:00:00
40,B019,3.0,2025-08-15T20:00:00
40,B003,3.3,2026-04-03T00:00:00
41,B007,2.8,2025-08-19T05:00:00
41,B003,4.1,2025-11-23T08:00:00
41,B001,3.2,2026-01-20T05:00:00
41,B008,4.2,2025-04-06T10:00:00
41,B014,3.8,2026-05-10T22:00:00
41,B020,3.4,2026-03-21T05:00:00
41,B018,3.4,2026-02-24T22:00:00
41,B010,4.0,2025-10-29T21:00:00
41,B017,3.7,2025-09-29T02:00:00
42,B017,3.8,2025-08-21T17:00:00
42,B008,4.2,2026-03-05T17:00:00
42,B010,4.1,2025-08-30T15:00:00
42,B007,3.7,2025-02-05T16:00:00
42,B002,3.6,2025-09-22T10:00:00
42,B015,3.7,2025-03-10T02:00:00
42,B014,3.5,2025-10-10T16:00:00
42,B003,3.3,2026-06-20T13:00:00
43,B002,3.7,2025-10-15T15:00:00
43,B006,3.8,2025-08-22T04:00:00
43,B014,4.3,2025-04-02T06:00:00
43,B017,2.9,2026-06-13T11:00:00
43,B020,3.9,2025-01-30T05:00:00
43,B008,3.0,2025-09-13T01:00:00
43,B005,2.7,2025-10-08T11:00:00
43,B018,4.2,2025-05-07T21:00:00
43,B001,4.2,2025-04-03T09:00:00
43,B007,2.6,2025-10-03T20:00:00
44,B001,3.1,2025-04-15T00:00:00
44,B018,3.9,2025-10-17T09:00:00
44,B012,3.9,2025-12-11T08:00:00
44,B011,3.8,2025-09-25T20:00:00
44,B007,3.9,2026-02-18T21:00:00
44,B016,4.1,2026-05-25T09:00:00
44,B008,2.9,2025-02-06T18:00:00
44,B020,3.4,2025-07-14T10:00:00
44,B009,3.6,2025-07-05T09:00:00
44,B013,3.3,2025-07-19T16:00:00
45,B001,4.9,2025-05-13T19:00:00
45,B016,3.7,2026-05-04T12:00:00
45,B002,4.0,2025-01-15T10:00:00
45,B006,4.5,2025-11-16T04:00:00
45,B020,3.1,2025-11-02T09:00:00
45,B007,3.0,2026-02-18T00:00:00
45,B003,4.2,2026-06-01T05:00:00
45,B011,2.9,2025-02-19T21:00:00
46,B011,2.6,2025-07-26T11:00:00
46,B013,5.0,2025-02-10T17:00:00
46,B007,2.5,2026-05-08T10:00:00
46,B018,3.5,2025-04-24T18:00:00
46,B009,3.3,2026-06-08T02:00:00
46,B003,3.8,2026-04-21T01:00:00
46,B015,3.4,2025-10-25T11:00:00
46,B008,2.9,2025-04-29T03:00:00
46,B016,2.5,2025-12-17T05:00:00
47,B015,3.1,2026-05-10T18:00:00
47,B010,3.1,2026-05-15T03:00:00
47,B017,3.7,2025-08-18T21:00:00
47,B006,2.7,2025-04-08T13:00:00
47,B005,4.0,2026-01-30T04:00:00
47,B020,3.6,2026-05-23T05:00:00
47,B016,3.4,2025-12-05T08:00:00
47,B004,3.3,2026-01-23T12:00:00
47,B018,2.6,2026-04-04T02:00:00
48,B020,2.7,2025-11-08T16:00:00
48,B017,5.0,2026-04-13T10:00:00
48,B001,4.3,2026-04-11T10:00:00
48,B010,3.9,2026-04-30T22:00:00
48,B014,4.0,2025-12-30T20:00:00
49,B009,3.3,2026-06-01T04:00:00
49,B014,4.2,2026-03-20T18:00:00
49,B013,3.6,2025-06-27T23:00:00
49,B004,4.8,2025-11-26T16:00:00
49,B008,3.5,2025-09-12T08:00:00
49,B018,2.4,2026-04-09T04:00:00
49,B016,2.6,2025-11-18T22:00:00
50,B014,3.5,2025-07-28T17:00:00
50,B013,4.0,2025-08-18T23:00:00
50,B018,4.4,2026-06-08T22:00:00
50,B011,5.0,2026-02-01T13:00:00
50,B001,3.5,2025-07-21T23:00:00
50,B003,3.8,2025-07-01T21:00:00
50,B010,3.8,2025-05-03T12:00:00
50,B002,4.3,2025-05-14T05:00:00
50,B007,3.3,2025-11-27T19:00:00
50,B015,4.9,2026-01-02T02:00:00
50,B020,4.2,2025-08-14T05:00:00
50,B004,4.4,2025-12-06T11:00:00
51,B010,4.6,2025-07-17T10:00:00
51,B014,4.9,2025-01-08T20:00:00
51,B007,5.0,2026-03-11T03:00:00
51,B020,3.8,2025-03-15T23:00:00
51,B018,3.9,2025-02-08T02:00:00
51,B013,3.7,2025-01-18T12:00:00
51,B002,3.7,2025-03-06T23:00:00
52,B005,4.0,2025-02-01T15:00:00
52,B009,2.5,2025-10-30T20:00:00
52,B013,3.1,2025-01-06T18:00:00
52,B011,5.0,2025-03-29T09:00:00
52,B019,2.9,2025-02-25T17:00:00
52,B006,3.1,2025-03-10T08:00:00
52,B016,2.4,2026-01-01T04:00:00
53,B002,3.7,2025-12-06T15:00:00
53,B005,3.1,2026-05-14T17:00:00
53,B012,4.9,2025-05-24T17:00:00
53,B008,3.2,2025-01-20T16:00:00
53,B013,3.9,2026-04-29T20:00:00
53,B004,3.4,2025-08-17T18:00:00
53,B016,4.1,2025-01-11T21:00:00
53,B020,5.0,2025-05-24T14:00:00
53,B015,4.5,2026-01-05T12:00:00
53,B014,2.3,2025-02-10T20:00:00
53,B007,3.7,2026-01-23T11:00:00
53,B009,2.8,2025-03-21T16:00:00
54,B019,3.1,2025-05-02T21:00:00
54,B009,2.9,2026-05-09T21:00:00
54,B001,3.8,2025-05-31T01:00:00
54,B011,4.4,2025-10-18T02:00:00
54,B006,4.6,2025-06-24T07:00:00
54,B013,4.3,2025-07-06T19:00:00
54,B007,3.6,2025-12-17T14:00:00
54,B004,1.8,2026-01-30T04:00:00
54,B015,3.3,2025-07-01T15:00:00
55,B009,2.8,2026-01-26T11:00:00
55,B001,4.0,2025-04-11T13:00:00
55,B008,4.5,2025-03-27T09:00:00
55,B012,4.7,2025-05-01T16:00:00
55,B016,4.7,2025-11-20T13:00:00
55,B017,3.6,2025-09-17T08:00:00
55,B013,2.8,2026-02-28T17:00:00
55,B006,5.0,2025-11-11T18:00:00
55,B004,3.0,2025-02-23T05:00:00
56,B019,2.1,2026-06-07T16:00:00
56,B008,2.9,2025-02-06T11:00:00
56,B013,5.0,2025-03-30T08:00:00
56,B005,3.0,2026-02-09T12:00:00
56,B002,2.6,2025-10-11T07:00:00
56,B014,3.8,2025-01-05T08:00:00
56,B004,4.2,2026-05-31T09:00:00
56,B010,2.9,2025-09-21T17:00:00
56,B001,2.5,2026-03-30T12:00:00
56,B016,4.4,2025-12-14T14:00:00
56,B011,3.8,2025-08-14T21:00:00
57,B005,3.9,2025-07-14T15:00:00
57,B002,4.8,2025-09-29T06:00:00
57,B017,4.2,2025-12-31T04:00:00
57,B018,4.0,2026-05-20T19:00:00
57,B020,5.0,2026-06-08T08:00:00
57,B014,3.9,2026-05-05T17:00:00
57,B009,3.1,2025-06-28T14:00:00
57,B006,3.1,2026-01-24T18:00:00
58,B016,4.6,2025-06-03T15:00:00
58,B007,4.6,2025-05-18T20:00:00
58,B006,3.1,2025-11-04T08:00:00
58,B005,1.7,2026-02-12T03:00:00
58,B011,2.3,2026-05-03T20:00:00
58,B004,1.9,2025-12-19T00:00:00
58,B010,4.2,2026-04-03T02:00:00
58,B009,3.4,2025-05-29T05:00:00
58,B019,3.1,2025-03-15T02:00:00
59,B007,3.1,2025-04-16T03:00:00
59,B006,2.9,2025-01-27T12:00:00
59,B016,3.7,2025-06-09T02:00:00
59,B013,2.5,2025-05-10T04:00:00
59,B020,4.1,2025-11-30T15:00:00
59,B010,3.5,2025-05-19T22:00:00
59,B014,4.2,2026-03-22T16:00:00
59,B011,3.1,2026-01-10T13:00:00
59,B003,3.6,2025-05-20T11:00:00
59,B001,3.8,2026-05-19T15:00:00
59,B018,4.2,2025-08-25T00:00:00
59,B002,4.8,2025-10-03T13:00:00
60,B008,2.6,2025-02-02T10:00:00
60,B006,4.7,2025-03-15T17:00:00
60,B001,3.8,2025-09-14T12:00:00
60,B020,3.2,2026-01-30T14:00:00
60,B007,3.3,2025-06-21T08:00:00
60,B003,4.1,2025-12-13T20:00:00
60,B016,3.2,2025-12-22T14:00:00
61,B008,4.9,2026-01-08T19:00:00
61,B014,4.8,2026-02-01T06:00:00
61,B007,4.0,2025-06-07T19:00:00
61,B016,1.9,2025-04-24T03:00:00
61,B018,4.1,2025-07-02T01:00:00
61,B010,5.0,2026-02-02T21:00:00
61,B002,3.2,2025-03-14T00:00:00
61,B004,3.4,2025-03-23T14:00:00
61,B001,3.9,2026-01-30T06:00:00
61,B012,5.0,2025-07-03T17:00:00
61,B005,2.3,2026-03-14T03:00:00
62,B010,2.4,2026-02-11T00:00:00
62,B008,3.0,2025-01-17T16:00:00
62,B007,5.0,2025-08-08T10:00:00
62,B020,3.6,2026-06-08T17:00:00
62,B015,3.9,2025-08-11T23:00:00
62,B012,3.7,2026-01-26T02:00:00
62,B011,2.5,2025-12-09T11:00:00
62,B018,3.3,2025-11-09T16:00:00
62,B019,2.6,2026-06-01T02:00:00
63,B014,4.3,2026-02-09T20:00:00
63,B006,3.4,2026-06-21T07:00:00
63,B011,3.9,2025-11-28T21:00:00
63,B012,2.8,2026-03-10T11:00:00
63,B018,4.2,2025-01-25T09:00:00
63,B004,2.7,2025-04-26T23:00:00
64,B001,3.4,2025-05-25T22:00:00
64,B013,3.6,2026-06-24T01:00:00
64,B003,3.7,2025-10-05T01:00:00
64,B009,3.7,2026-01-04T03:00:00
64,B006,3.0,2025-04-01T05:00:00
64,B005,3.3,2026-02-07T23:00:00
64,B007,3.7,2025-09-21T12:00:00
64,B014,3.6,2026-02-07T21:00:00
65,B012,5.0,2025-05-29T20:00:00
65,B013,4.3,2025-11-22T02:00:00
65,B004,3.7,2025-05-02T05:00:00
65,B001,4.4,2025-10-08T04:00:00
65,B020,3.9,2025-01-27T19:00:00
65,B018,3.2,2025-08-25T19:00:00
65,B006,4.3,2026-05-04T04:00:00
65,B010,4.5,2026-01-18T05:00:00
65,B003,2.8,2025-05-21T05:00:00
65,B016,4.4,2026-05-17T22:00:00
65,B015,3.0,2026-04-08T14:00:00
65,B009,3.7,2026-06-16T17:00:00
66,B018,3.2,2025-05-19T12:00:00
66,B015,3.8,2025-07-26T14:00:00
66,B003,3.8,2025-06-17T22:00:00
66,B004,2.1,2026-06-08T19:00:00
66,B019,3.0,2026-01-25T01:00:00
66,B013,2.7,2025-06-03T05:00:00
66,B008,2.9,2025-07-05T03:00:00
66,B012,2.5,2025-01-04T19:00:00
66,B009,3.0,2026-05-21T07:00:00
66,B011,3.1,2025-10-12T19:00:00
67,B002,2.9,2025-07-02T05:00:00
67,B005,4.6,2025-07-01T14:00:00
67,B013,4.0,2025-02-06T02:00:00
67,B016,2.0,2025-03-08T09:00:00
67,B014,4.1,2025-10-09T10:00:00
67,B015,3.7,2025-03-01T03:00:00
67,B007,2.9,2025-03-31T15:00:00
67,B018,4.1,2025-10-22T13:00:00
67,B010,4.3,2025-05-13T19:00:00
68,B012,4.0,2025-10-16T08:00:00
68,B017,3.2,2026-06-03T17:00:00
68,B018,2.3,2025-12-16T12:00:00
68,B006,4.5,2025-01-30T05:00:00
68,B007,2.4,2026-05-06T15:00:00
68,B005,2.5,2026-05-09T04:00:00
68,B003,2.7,2025-12-10T14:00:00
68,B015,3.0,2025-06-19T18:00:00
68,B010,3.8,2025-11-12T22:00:00
68,B002,2.3,2025-10-06T13:00:00
68,B009,2.6,2025-11-06T06:00:00
68,B016,3.3,2026-06-21T09:00:00
69,B013,4.0,2025-11-16T20:00:00
69,B004,3.7,2025-07-17T09:00:00
69,B009,3.0,2026-06-11T03:00:00
69,B011,3.5,2025-09-08T05:00:00
69,B001,3.5,2025-02-21T04:00:00
69,B019,3.7,2025-03-30T13:00:00
69,B003,2.3,2025-04-10T14:00:00
69,B010,2.1,2025-08-18T04:00:00
69,B002,1.8,2026-01-08T12:00:00
69,B005,4.0,2025-12-23T19:00:00
70,B016,2.9,2026-03-18T13:00:00
70,B008,4.0,2026-05-14T03:00:00
70,B012,2.9,2025-04-10T14:00:00
70,B011,4.8,2025-01-01T04:00:00
70,B010,2.5,2025-10-26T12:00:00
70,B020,2.3,2025-10-29T01:00:00
70,B009,3.4,2025-08-29T13:00:00
71,B016,3.0,2025-01-17T04:00:00
71,B014,4.7,2026-03-24T04:00:00
71,B003,3.7,2026-03-12T19:00:00
71,B010,3.0,2026-04-06T12:00:00
71,B020,5.0,2025-01-08T18:00:00
71,B019,4.7,2025-10-03T13:00:00
71,B002,4.1,2025-02-04T01:00:00
71,B017,4.0,2025-10-14T14:00:00
72,B007,4.2,2025-10-26T23:00:00
72,B020,4.6,2025-03-26T04:00:00
72,B016,3.6,2025-10-15T08:00:00
72,B005,3.8,2025-06-28T18:00:00
72,B001,3.1,2026-01-14T05:00:00
72,B019,3.0,2026-06-25T01:00:00
72,B014,4.1,2025-06-07T15:00:00
72,B010,3.5,2025-06-21T06:00:00
72,B002,2.9,2025-02-25T20:00:00
72,B008,5.0,2026-02-13T15:00:00
73,B009,3.0,2025-01-11T21:00:00
73,B017,4.1,2026-06-22T03:00:00
73,B012,3.5,2025-10-18T08:00:00
73,B007,4.1,2025-05-05T22:00:00
73,B016,3.3,2025-07-09T03:00:00
73,B013,3.9,2025-03-05T12:00:00
73,B006,3.5,2025-09-29T05:00:00
73,B015,3.8,2026-03-18T06:00:00
73,B020,2.5,2025-02-08T21:00:00
73,B008,2.3,2026-02-05T18:00:00
74,B019,3.2,2025-04-03T11:00:00
74,B013,2.4,2026-01-03T15:00:00
74,B001,3.9,2025-05-24T01:00:00
74,B012,2.2,2025-02-13T12:00:00
74,B014,2.9,2025-06-02T23:00:00
74,B009,3.8,2025-02-16T07:00:00
74,B017,2.8,2025-02-21T09:00:00
74,B010,4.5,2025-06-24T18:00:00
74,B016,4.3,2025-08-14T02:00:00
75,B006,3.6,2026-01-21T05:00:00
75,B001,3.6,2025-07-03T02:00:00
75,B014,3.0,2025-10-18T13:00:00
75,B010,3.0,2026-05-03T22:00:00
75,B019,3.7,2025-02-08T19:00:00
75,B003,4.0,2025-04-01T20:00:00
75,B002,4.6,2025-04-08T19:00:00
75,B005,3.7,2026-05-01T15:00:00
75,B016,2.6,2025-10-19T06:00:00
75,B004,3.3,2025-11-30T13:00:00
75,B011,3.0,2025-11-30T07:00:00
76,B004,5.0,2025-03-03T08:00:00
76,B013,3.8,2025-06-25T10:00:00
76,B007,4.0,2025-03-30T13:00:00
76,B009,3.7,2025-08-10T18:00:00
76,B006,2.6,2026-06-01T01:00:00
76,B001,3.8,2025-04-11T14:00:00
77,B017,2.4,2025-06-15T22:00:00
77,B011,2.9,2026-04-20T04:00:00
77,B004,3.4,2026-01-15T20:00:00
77,B009,5.0,2025-03-14T12:00:00
77,B005,2.9,2025-02-03T09:00:00
77,B020,3.8,2025-08-01T21:00:00
77,B001,3.9,2025-02-26T16:00:00
78,B008,3.7,2025-08-19T10:00:00
78,B013,4.2,2026-03-10T08:00:00
78,B015,3.9,2026-05-13T16:00:00
78,B010,4.8,2025-10-27T14:00:00
78,B005,2.9,2025-03-24T12:00:00
78,B007,4.0,2025-03-20T03:00:00
78,B016,3.8,2025-12-10T13:00:00
79,B013,3.3,2025-06-29T22:00:00
79,B007,2.3,2025-06-07T05:00:00
79,B002,3.9,2025-05-10T14:00:00
79,B018,4.0,2025-11-21T11:00:00
79,B003,4.1,2025-06-16T17:00:00
79,B006,3.4,2026-05-27T04:00:00
79,B014,4.3,2025-06-09T00:00:00
79,B020,4.7,2026-06-04T10:00:00
79,B009,3.5,2025-02-11T04:00:00
80,B006,2.9,2026-03-30T09:00:00
80,B015,4.3,2026-03-01T04:00:00
80,B001,3.6,2026-04-19T22:00:00
80,B007,3.5,2025-11-08T15:00:00
80,B010,3.6,2025-01-28T00:00:00
80,B003,2.8,2026-04-29T03:00:00
80,B017,2.8,2026-03-04T05:00:00
80,B016,4.8,2026-05-20T02:00:00
81,B020,2.9,2025-02-19T09:00:00
81,B016,3.1,2025-07-07T03:00:00
81,B008,3.4,2025-11-20T21:00:00
81,B014,3.4,2026-01-07T03:00:00
81,B001,4.0,2025-01-14T04:00:00
81,B007,3.4,2026-02-26T10:00:00
81,B010,5.0,2025-06-08T16:00:00
81,B004,3.7,2026-06-23T17:00:00
81,B013,2.8,2025-01-18T15:00:00
81,B002,2.9,2025-08-16T04:00:00
81,B012,4.1,2025-04-25T02:00:00
81,B019,3.0,2025-02-13T06:00:00
82,B002,2.9,2025-10-12T18:00:00
82,B007,4.2,2025-09-05T16:00:00
82,B001,3.8,2025-01-15T16:00:00
82,B004,3.2,2025-06-25T17:00:00
82,B012,3.9,2025-04-20T05:00:00
82,B011,3.1,2026-03-11T06:00:00
82,B014,2.2,2026-01-05T22:00:00
82,B005,3.8,2026-03-31T07:00:00
82,B015,3.2,2026-03-15T06:00:00
83,B020,4.3,2026-01-08T06:00:00
83,B010,3.3,2026-05-27T08:00:00
83,B001,3.1,2025-10-07T20:00:00
83,B017,2.8,2026-02-19T15:00:00
83,B011,4.6,2025-01-31T03:00:00
83,B014,4.3,2026-05-26T21:00:00
83,B002,3.6,2026-06-17T15:00:00
83,B018,4.1,2025-01-19T01:00:00
83,B003,4.0,2026-05-15T03:00:00
84,B013,2.8,2025-01-28T20:00:00
84,B010,3.6,2026-01-01T13:00:00
84,B009,4.8,2025-03-28T22:00:00
84,B017,3.5,2025-01-21T17:00:00
84,B020,3.6,2025-04-13T22:00:00
84,B011,3.8,2026-05-30T21:00:00
84,B008,3.0,2026-02-16T07:00:00
84,B001,3.6,2025-04-08T18:00:00
84,B002,4.0,2026-05-02T13:00:00
85,B014,3.7,2025-03-03T16:00:00
85,B010,4.2,2025-11-04T13:00:00
85,B017,2.7,2026-02-27T08:00:00
85,B013,4.4,2025-09-20T21:00:00
85,B009,4.5,2025-04-27T04:00:00
85,B002,5.0,2025-11-14T14:00:00
85,B008,3.6,2025-02-07T06:00:00
85,B016,4.7,2026-05-13T00:00:00
85,B019,4.0,2025-11-02T02:00:00
85,B005,4.2,2026-01-08T21:00:00
85,B018,2.7,2025-11-17T10:00:00
86,B019,3.4,2026-03-10T15:00:00
86,B003,5.0,2025-05-29T11:00:00
86,B006,3.7,2025-05-05T17:00:00
86,B017,2.8,2026-02-02T00:00:00
86,B002,3.1,2025-09-19T09:00:00
86,B009,2.6,2025-06-14T14:00:00
86,B013,4.1,2026-02-21T01:00:00
87,B015,5.0,2025-07-08T20:00:00
87,B017,3.5,2025-11-09T10:00:00
87,B010,4.2,2025-12-02T09:00:00
87,B008,5.0,2026-02-07T12:00:00
87,B012,3.2,2025-08-18T00:00:00
87,B001,2.4,2025-05-01T00:00:00
87,B002,3.7,2026-04-10T21:00:00
88,B019,2.8,2025-07-04T13:00:00
88,B017,4.5,2025-08-30T19:00:00
88,B007,3.1,2026-04-15T02:00:00
88,B010,3.7,2025-09-20T02:00:00
88,B011,3.7,2026-04-28T11:00:00
88,B005,3.0,2025-02-16T00:00:00
88,B006,3.0,2026-02-09T21:00:00
89,B013,3.5,2025-06-04T17:00:00
89,B018,3.0,2026-03-27T01:00:00
89,B004,4.1,2026-04-27T08:00:00
89,B017,5.0,2026-05-22T01:00:00
89,B014,2.7,2025-07-28T09:00:00
89,B005,2.4,2025-01-05T16:00:00
89,B020,4.6,2026-02-08T11:00:00
90,B011,3.7,2026-01-26T02:00:00
90,B012,2.5,2025-04-02T00:00:00
90,B007,2.4,2025-10-19T20:00:00
90,B008,3.9,2025-11-14T21:00:00
90,B002,3.3,2025-04-09T11:00:00
90,B019,3.5,2025-12-16T14:00:00
90,B020,3.5,2025-06-08T15:00:00
90,B018,3.1,2026-03-24T02:00:00
90,B016,3.2,2025-06-02T04:00:00
90,B004,3.9,2025-09-12T16:00:00
90,B017,3.3,2025-02-16T16:00:00
90,B014,2.9,2025-07-06T12:00:00
91,B008,3.4,2025-04-19T13:00:00
91,B018,4.3,2025-01-14T05:00:00
91,B013,3.2,2026-05-14T09:00:00
91,B009,3.1,2026-02-09T09:00:00
91,B020,4.8,2025-01-17T22:00:00
91,B004,2.5,2026-03-23T20:00:00
91,B002,3.3,2025-03-30T09:00:00
91,B006,3.5,2026-04-01T15:00:00
92,B005,4.7,2025-10-25T01:00:00
92,B016,2.8,2026-05-15T07:00:00
92,B006,2.7,2026-03-09T18:00:00
92,B003,3.2,2026-03-23T00:00:00
92,B017,4.0,2026-03-25T07:00:00
92,B007,3.7,2026-04-25T04:00:00
92,B008,3.3,2026-01-04T15:00:00
92,B010,5.0,2025-08-01T09:00:00
92,B014,2.8,2025-05-13T05:00:00
93,B008,3.8,2025-09-22T10:00:00
93,B006,2.5,2025-10-01T04:00:00
93,B002,2.6,2025-04-17T22:00:00
93,B001,3.0,2025-04-24T03:00:00
93,B018,4.5,2025-04-15T17:00:00
93,B009,3.6,2025-07-30T11:00:00
93,B004,3.0,2026-06-03T15:00:00
93,B016,3.7,2025-12-09T04:00:00
93,B011,4.4,2026-03-08T07:00:00
93,B012,4.2,2026-02-24T14:00:00
93,B003,4.9,2026-01-06T00:00:00
94,B011,3.8,2025-10-30T13:00:00
94,B010,3.1,2025-11-18T11:00:00
94,B001,2.6,2025-05-31T22:00:00
94,B019,3.9,2026-03-29T22:00:00
94,B004,2.6,2025-11-05T02:00:00
94,B014,3.9,2025-05-10T16:00:00
94,B020,4.5,2025-04-06T16:00:00
95,B006,3.9,2025-05-24T22:00:00
95,B016,3.5,2025-07-17T11:00:00
95,B007,1.9,2026-02-26T02:00:00
95,B020,3.4,2026-05-03T06:00:00
95,B011,4.0,2026-05-17T23:00:00
95,B017,4.0,2025-05-28T16:00:00
95,B013,2.7,2025-05-01T22:00:00
95,B010,3.7,2026-01-14T03:00:00
95,B012,4.5,2025-05-04T11:00:00
95,B015,3.2,2025-10-18T06:00:00
96,B002,2.9,2026-04-05T04:00:00
96,B010,2.3,2025-02-16T21:00:00
96,B005,3.0,2025-04-01T05:00:00
96,B009,4.2,2025-11-13T17:00:00
96,B006,1.9,2025-03-29T06:00:00
96,B007,2.7,2025-02-24T18:00:00
96,B016,3.3,2025-01-20T03:00:00
96,B004,3.7,2026-03-31T02:00:00
96,B013,3.9,2025-07-04T13:00:00
96,B014,2.9,2025-04-04T03:00:00
97,B002,3.5,2026-02-27T10:00:00
97,B006,4.1,2025-08-31T15:00:00
97,B008,2.4,2026-02-22T20:00:00
97,B011,1.5,2025-04-14T07:00:00
97,B003,4.1,2025-05-09T09:00:00
97,B015,2.5,2026-05-28T06:00:00
97,B001,2.3,2026-04-08T01:00:00
98,B015,4.0,2025-11-22T21:00:00
98,B011,3.2,2026-04-09T08:00:00
98,B007,4.6,2026-04-16T19:00:00
98,B009,3.8,2025-01-03T19:00:00
98,B004,4.1,2026-02-28T17:00:00
98,B005,3.0,2026-02-07T17:00:00
98,B010,4.3,2026-04-01T21:00:00
98,B012,3.4,2026-01-02T06:00:00
99,B005,2.8,2026-05-28T15:00:00
99,B014,4.9,2025-06-29T02:00:00
99,B010,2.8,2025-05-11T08:00:00
99,B007,3.7,2026-06-20T23:00:00
99,B020,3.7,2025-09-16T21:00:00
99,B018,4.3,2026-03-14T20:00:00
99,B004,3.0,2025-11-27T13:00:00
99,B011,3.2,2026-04-05T10:00:00
100,B003,3.1,2026-04-30T07:00:00
100,B006,3.2,2025-12-08T16:00:00
100,B001,4.9,2026-03-26T03:00:00
100,B013,3.9,2025-03-29T01:00:00
100,B016,3.8,2025-01-11T14:00:00
100,B018,3.2,2025-04-14T10:00:00
100,B004,3.1,2025-03-11T18:00:00
101,B012,4.0,2026-01-02T09:00:00
101,B007,3.3,2025-05-30T04:00:00
101,B008,3.6,2025-01-09T16:00:00
101,B014,3.8,2025-02-28T07:00:00
101,B006,4.8,2025-12-16T06:00:00
101,B016,4.5,2026-04-24T19:00:00
101,B002,3.8,2025-12-10T19:00:00
102,B007,3.8,2025-06-28T07:00:00
102,B006,3.6,2025-12-14T17:00:00
102,B020,2.8,2025-04-14T00:00:00
102,B008,3.8,2025-12-13T06:00:00
102,B003,4.0,2026-01-17T21:00:00
102,B001,3.1,2025-03-08T03:00:00
102,B004,3.0,2025-07-16T17:00:00
102,B011,3.0,2025-02-24T20:00:00
102,B015,4.0,2026-06-05T18:00:00
102,B002,3.6,2026-04-27T21:00:00
103,B011,3.1,2025-12-27T07:00:00
103,B020,3.3,2025-12-11T13:00:00
103,B014,3.2,2026-05-25T10:00:00
103,B002,3.7,2025-09-29T20:00:00
103,B004,2.7,2026-05-29T16:00:00
103,B008,3.1,2025-09-25T00:00:00
103,B010,3.8,2026-06-13T18:00:00
103,B013,3.8,2025-05-12T09:00:00
104,B006,5.0,2026-02-05T12:00:00
104,B009,3.6,2025-07-12T15:00:00
104,B015,4.9,2025-11-08T02:00:00
104,B013,3.2,2026-01-31T09:00:00
104,B008,3.3,2025-03-13T14:00:00
104,B011,3.2,2026-02-05T05:00:00
104,B010,3.5,2026-05-05T23:00:00
104,B001,3.0,2025-11-14T13:00:00
104,B004,4.0,2025-06-12T19:00:00
104,B020,3.0,2025-07-27T16:00:00
105,B017,3.2,2025-07-07T22:00:00
105,B007,4.0,2025-02-14T07:00:00
105,B011,3.8,2025-10-26T21:00:00
105,B016,5.0,2025-08-11T15:00:00
105,B006,3.7,2025-03-20T03:00:00
105,B015,3.1,2026-01-26T10:00:00
105,B012,2.5,2026-04-18T02:00:00
105,B002,3.4,2025-06-24T00:00:00
105,B004,2.3,2026-02-05T05:00:00
106,B006,3.3,2025-04-04T00:00:00
106,B004,2.7,2025-07-16T21:00:00
106,B002,3.1,2025-06-21T23:00:00
106,B001,4.4,2025-12-01T10:00:00
106,B015,3.2,2026-02-09T13:00:00
106,B019,4.2,2026-04-15T07:00:00
106,B005,3.1,2026-01-13T01:00:00
106,B003,3.7,2026-05-27T03:00:00
107,B006,2.8,2026-01-27T16:00:00
107,B019,2.7,2025-01-14T07:00:00
107,B012,3.6,2026-03-15T07:00:00
107,B020,3.4,2026-05-26T09:00:00
107,B015,3.7,2025-09-01T23:00:00
107,B014,2.3,2025-12-03T04:00:00
107,B007,4.0,2025-09-12T21:00:00
107,B013,3.6,2026-06-18T10:00:00
107,B017,1.6,2025-03-13T06:00:00
107,B016,5.0,2026-03-13T23:00:00
107,B010,3.7,2025-09-08T13:00:00
107,B011,5.0,2026-03-20T04:00:00
108,B017,3.6,2026-01-25T14:00:00
108,B011,4.2,2026-05-08T02:00:00
108,B002,3.5,2025-01-05T00:00:00
108,B018,3.1,2026-01-19T15:00:00
108,B008,3.9,2026-01-18T12:00:00
108,B013,1.7,2025-02-09T03:00:00
108,B014,2.4,2025-09-19T23:00:00
108,B005,3.1,2026-01-13T22:00:00
109,B004,3.2,2025-06-15T00:00:00
109,B001,3.0,2026-01-29T12:00:00
109,B015,4.0,2025-03-24T16:00:00
109,B013,4.2,2025-06-19T13:00:00
109,B009,3.0,2025-01-02T03:00:00
110,B005,3.6,2025-10-28T02:00:00
110,B002,3.9,2025-08-29T15:00:00
110,B015,2.6,2025-04-10T06:00:00
110,B007,4.1,2026-06-17T08:00:00
110,B018,2.7,2025-12-12T19:00:00
110,B010,4.0,2025-12-18T10:00:00
110,B012,3.8,2026-02-13T12:00:00
110,B011,4.7,2025-12-05T03:00:00
110,B017,2.6,2025-05-23T00:00:00
110,B004,3.8,2025-10-14T22:00:00
111,B017,4.2,2025-12-23T13:00:00
111,B020,4.2,2026-05-03T21:00:00
111,B014,3.5,2026-01-30T09:00:00
111,B016,4.0,2026-06-17T18:00:00
111,B001,3.5,2025-02-02T04:00:00
111,B015,2.2,2026-04-24T05:00:00
111,B008,3.0,2025-04-19T13:00:00
111,B018,4.3,2025-12-18T12:00:00
111,B005,2.6,2026-03-24T07:00:00
112,B005,4.2,2026-04-12T04:00:00
112,B013,3.8,2026-05-05T20:00:00
112,B016,4.0,2026-01-21T01:00:00
112,B009,1.7,2025-08-04T23:00:00
112,B011,4.5,2025-07-03T15:00:00
112,B006,2.9,2026-04-30T11:00:00
112,B008,2.4,2026-02-08T03:00:00
112,B004,4.1,2025-11-08T14:00:00
112,B019,3.2,2026-03-29T22:00:00
112,B017,2.9,2025-01-10T11:00:00
113,B019,4.2,2026-02-18T07:00:00
113,B003,3.5,2025-11-06T22:00:00
113,B020,2.4,2025-04-02T14:00:00
113,B005,3.7,2025-10-09T20:00:00
113,B002,2.7,2025-05-03T03:00:00
113,B012,5.0,2025-04-07T18:00:00
114,B020,4.4,2025-09-20T01:00:00
114,B019,5.0,2026-01-08T17:00:00
114,B005,3.7,2026-06-16T09:00:00
114,B015,2.7,2026-05-18T22:00:00
114,B014,3.7,2025-02-15T07:00:00
114,B003,3.6,2025-10-12T04:00:00
114,B004,3.7,2025-09-19T08:00:00
115,B003,3.5,2025-12-08T08:00:00
115,B006,5.0,2025-04-11T12:00:00
115,B014,4.8,2025-05-07T05:00:00
115,B016,4.1,2026-05-17T03:00:00
115,B012,3.7,2025-04-12T01:00:00
115,B001,3.1,2026-06-10T22:00:00
115,B020,2.8,2025-10-01T01:00:00
115,B010,1.8,2025-03-28T23:00:00
115,B013,3.4,2025-05-20T15:00:00
116,B004,4.2,2025-03-18T11:00:00
116,B013,3.3,2025-02-22T13:00:00
116,B019,3.6,2025-04-26T10:00:00
116,B016,5.0,2025-05-01T09:00:00
116,B017,2.1,2025-01-03T23:00:00
116,B011,3.0,2025-11-09T20:00:00
116,B020,4.1,2025-01-10T03:00:00
117,B003,2.6,2025-09-30T03:00:00
117,B002,4.6,2025-05-11T10:00:00
117,B011,3.5,2026-02-14T16:00:00
117,B018,5.0,2026-02-03T04:00:00
117,B020,4.3,2025-05-10T04:00:00
117,B004,3.0,2025-01-09T13:00:00
117,B014,4.5,2026-03-16T07:00:00
117,B016,3.9,2025-07-11T07:00:00
118,B014,4.0,2025-05-04T04:00:00
118,B010,3.4,2025-05-30T13:00:00
118,B015,4.0,2026-05-06T01:00:00
118,B004,4.4,2025-10-03T11:00:00
118,B012,3.7,2025-02-23T21:00:00
118,B007,4.4,2025-10-14T19:00:00
118,B016,3.9,2026-05-19T11:00:00
118,B013,4.6,2025-05-14T10:00:00
118,B005,4.5,2026-01-16T07:00:00
119,B020,3.7,2025-04-12T02:00:00
119,B002,2.6,2025-11-05T23:00:00
119,B018,3.6,2025-06-07T01:00:00
119,B014,3.8,2026-04-05T20:00:00
119,B016,3.4,2025-05-13T09:00:00
119,B003,3.9,2025-07-14T23:00:00
120,B006,3.9,2025-05-02T05:00:00
120,B005,2.1,2025-06-01T08:00:00
120,B002,3.3,2025-02-22T20:00:00
120,B003,2.5,2026-01-13T10:00:00
120,B015,2.1,2026-02-23T19:00:00
120,B017,4.8,2025-01-11T11:00:00
120,B016,4.6,2025-04-19T23:00:00
120,B007,3.5,2025-09-21T20:00:00
120,B009,2.8,2026-02-09T04:00:00
120,B004,4.1,2025-07-13T18:00:00
121,B011,2.6,2025-03-27T08:00:00
121,B002,4.3,2025-01-10T03:00:00
121,B006,3.5,2025-11-11T10:00:00
121,B018,3.4,2025-05-07T00:00:00
121,B020,2.4,2025-04-16T16:00:00
121,B003,4.1,2025-01-02T07:00:00
121,B009,2.9,2025-12-28T20:00:00
121,B014,2.6,2025-04-26T15:00:00
121,B016,4.0,2026-01-01T02:00:00
121,B008,4.2,2025-07-05T21:00:00
121,B001,4.2,2025-10-21T11:00:00
121,B015,4.3,2025-03-20T00:00:00
121,B012,3.0,2025-05-31T10:00:00
122,B007,5.0,2025-08-24T12:00:00
122,B010,4.0,2025-08-13T22:00:00
122,B015,3.9,2026-01-07T17:00:00
122,B013,3.6,2025-01-27T22:00:00
123,B018,4.4,2025-04-05T16:00:00
123,B007,2.1,2026-02-15T19:00:00
123,B002,4.9,2025-03-21T22:00:00
123,B020,5.0,2026-02-19T12:00:00
123,B014,3.8,2025-03-08T06:00:00
123,B001,3.8,2025-11-13T06:00:00
123,B017,3.3,2026-05-11T01:00:00
123,B012,3.1,2025-08-26T06:00:00
124,B009,4.1,2025-06-06T18:00:00
124,B017,3.5,2025-03-31T15:00:00
124,B018,3.1,2025-03-14T05:00:00
124,B015,2.4,2026-04-30T08:00:00
124,B006,3.8,2026-01-08T09:00:00
124,B011,3.9,2026-06-09T19:00:00
124,B002,3.7,2026-02-28T16:00:00
125,B001,5.0,2025-04-21T12:00:00
125,B016,4.0,2025-03-08T10:00:00
125,B015,4.8,2025-04-28T08:00:00
125,B010,4.0,2025-05-30T20:00:00
125,B006,3.6,2026-03-10T08:00:00
125,B011,2.7,2025-10-08T12:00:00
125,B004,2.2,2025-02-25T02:00:00
125,B014,4.5,2025-06-14T22:00:00
125,B007,4.0,2025-05-29T10:00:00
125,B002,4.1,2026-04-06T20:00:00
126,B007,4.0,2025-11-11T16:00:00
126,B010,3.5,2026-04-12T13:00:00
126,B003,3.4,2026-03-13T16:00:00
126,B006,5.0,2025-06-30T14:00:00
126,B005,3.7,2025-06-16T17:00:00
126,B019,3.3,2026-03-24T20:00:00
126,B020,3.3,2025-04-17T02:00:00
126,B001,4.1,2026-05-31T18:00:00
126,B016,3.5,2026-03-07T06:00:00
127,B019,3.5,2026-03-01T21:00:00
127,B018,3.3,2025-06-07T11:00:00
127,B010,4.5,2025-11-22T10:00:00
127,B015,4.5,2025-07-17T19:00:00
127,B001,3.6,2026-03-24T07:00:00
127,B008,3.5,2026-02-06T20:00:00
127,B007,3.7,2025-06-12T10:00:00
127,B017,3.7,2025-03-22T18:00:00
128,B016,3.0,2025-04-06T02:00:00
128,B007,2.8,2025-08-01T12:00:00
128,B019,3.7,2026-05-14T20:00:00
128,B014,3.1,2025-02-02T03:00:00
128,B003,1.7,2026-05-11T19:00:00
128,B012,3.4,2025-09-18T03:00:00
128,B015,3.3,2026-06-15T16:00:00
128,B018,2.8,2025-10-29T14:00:00
129,B019,3.2,2025-10-06T10:00:00
129,B018,3.6,2026-03-16T06:00:00
129,B004,2.6,2025-03-07T14:00:00
129,B016,2.8,2025-04-28T05:00:00
129,B013,5.0,2025-07-10T11:00:00
129,B003,3.8,2025-01-12T22:00:00
129,B015,4.2,2025-11-26T07:00:00
129,B009,3.0,2025-05-08T14:00:00
130,B001,2.8,2025-05-05T11:00:00
130,B012,3.5,2025-02-18T00:00:00
130,B002,3.5,2026-03-23T07:00:00
130,B003,3.2,2026-01-13T17:00:00
130,B016,3.8,2025-02-23T08:00:00
130,B014,3.8,2025-11-08T02:00:00
130,B007,2.8,2025-06-24T04:00:00
130,B015,3.5,2025-06-01T18:00:00
130,B010,2.6,2026-02-28T20:00:00
130,B011,4.7,2025-09-04T18:00:00
130,B008,3.5,2025-11-26T23:00:00
130,B013,3.2,2025-08-10T14:00:00
130,B017,2.7,2026-06-11T10:00:00
131,B016,4.4,2025-04-15T04:00:00
131,B019,3.0,2025-09-04T00:00:00
131,B002,2.9,2026-05-03T21:00:00
131,B020,3.8,2026-03-18T16:00:00
131,B010,3.2,2025-04-11T01:00:00
131,B013,3.6,2026-03-09T06:00:00
131,B015,4.2,2026-05-21T16:00:00
131,B004,3.3,2025-04-24T07:00:00
131,B011,2.9,2025-09-02T02:00:00
131,B012,3.1,2025-10-02T15:00:00
131,B017,2.1,2025-10-22T22:00:00
131,B014,5.0,2025-09-02T05:00:00
132,B004,2.8,2025-01-18T18:00:00
132,B001,3.8,2025-08-22T16:00:00
132,B008,2.5,2025-04-13T09:00:00
132,B005,5.0,2026-05-18T23:00:00
132,B002,4.8,2026-05-11T03:00:00
132,B013,3.6,2025-08-14T21:00:00
132,B017,3.9,2025-02-01T07:00:00
132,B011,4.3,2026-03-18T11:00:00
132,B020,3.5,2025-04-21T08:00:00
132,B010,2.3,2026-04-06T16:00:00
132,B003,3.1,2025-05-06T13:00:00
133,B007,3.6,2025-02-11T06:00:00
133,B020,3.8,2025-01-06T13:00:00
133,B012,4.2,2025-12-25T09:00:00
133,B013,3.8,2025-06-08T02:00:00
133,B004,3.4,2025-02-02T15:00:00
133,B008,3.7,2026-03-03T17:00:00
133,B016,4.8,2026-03-29T22:00:00
133,B001,2.9,2026-03-14T14:00:00
134,B001,3.8,2026-06-15T14:00:00
134,B019,4.6,2025-04-20T10:00:00
134,B003,4.4,2026-05-09T22:00:00
134,B004,2.6,2026-06-08T23:00:00
134,B014,3.7,2025-06-08T09:00:00
134,B009,4.2,2025-01-07T15:00:00
134,B015,3.8,2025-01-01T04:00:00
134,B002,3.6,2026-05-11T05:00:00
134,B017,3.1,2025-06-24T16:00:00
134,B012,3.7,2026-05-03T15:00:00
135,B006,4.2,2025-12-30T04:00:00
135,B005,2.3,2025-06-12T11:00:00
135,B016,4.0,2025-12-27T20:00:00
135,B007,3.0,2025-05-24T08:00:00
135,B001,3.6,2026-01-21T15:00:00
135,B011,3.7,2025-04-19T15:00:00
135,B013,3.5,2026-01-29T13:00:00
135,B014,5.0,2025-04-28T01:00:00
136,B013,4.1,2025-03-15T10:00:00
136,B004,4.9,2026-05-01T16:00:00
136,B009,3.9,2025-03-22T04:00:00
136,B005,1.7,2025-05-01T15:00:00
136,B015,3.6,2026-05-28T09:00:00
136,B018,3.3,2026-03-18T15:00:00
136,B007,3.0,2025-01-27T06:00:00
136,B008,3.0,2025-01-19T17:00:00
137,B012,3.8,2025-08-26T02:00:00
137,B002,5.0,2025-03-20T01:00:00
137,B020,4.5,2025-10-27T04:00:00
137,B010,3.3,2025-07-30T15:00:00
137,B003,3.7,2025-08-14T14:00:00
138,B010,3.4,2025-10-04T08:00:00
138,B003,2.9,2025-03-28T01:00:00
138,B018,4.4,2026-01-27T12:00:00
138,B015,3.9,2026-03-18T17:00:00
138,B007,4.8,2025-09-26T18:00:00
138,B004,3.8,2025-02-28T03:00:00
138,B002,3.1,2025-10-15T21:00:00
138,B019,2.8,2025-07-03T14:00:00
138,B001,2.8,2026-01-03T15:00:00
139,B008,3.2,2025-02-12T17:00:00
139,B002,4.1,2025-09-21T00:00:00
139,B003,3.8,2025-12-28T17:00:00
139,B018,2.1,2025-12-25T03:00:00
139,B006,4.8,2025-08-31T06:00:00
139,B020,3.6,2026-03-02T02:00:00
139,B015,2.2,2026-02-22T20:00:00
139,B017,3.7,2025-03-21T07:00:00
139,B019,3.9,2026-03-05T17:00:00
139,B014,4.4,2026-06-25T01:00:00
140,B007,2.8,2026-06-02T02:00:00
140,B005,3.1,2025-08-24T14:00:00
140,B016,3.1,2025-09-08T13:00:00
140,B006,4.4,2025-09-24T09:00:00
140,B004,4.6,2026-06-02T04:00:00
140,B001,4.0,2025-09-05T22:00:00
140,B017,3.9,2026-02-23T20:00:00
141,B013,4.1,2026-03-13T09:00:00
141,B008,3.6,2025-05-27T01:00:00
141,B005,3.9,2025-06-19T03:00:00
141,B014,2.3,2025-06-23T09:00:00
141,B007,3.5,2025-04-19T07:00:00
141,B015,3.2,2026-06-05T05:00:00
141,B006,2.4,2025-07-19T00:00:00
141,B002,3.3,2026-04-10T09:00:00
141,B009,4.1,2025-05-03T14:00:00
142,B015,4.1,2026-06-18T10:00:00
142,B007,5.0,2025-01-09T07:00:00
142,B010,3.7,2025-08-14T21:00:00
142,B013,3.7,2025-08-08T00:00:00
142,B018,4.0,2026-02-06T19:00:00
143,B012,3.0,2026-05-16T19:00:00
143,B013,2.8,2026-06-04T06:00:00
143,B005,3.9,2025-03-04T17:00:00
143,B003,3.3,2025-09-24T01:00:00
143,B020,4.9,2025-02-16T09:00:00
143,B016,2.8,2025-06-20T17:00:00
143,B009,2.6,2025-12-04T04:00:00
143,B011,4.7,2026-01-24T02:00:00
143,B002,4.5,2025-12-28T17:00:00
143,B019,2.8,2026-02-10T22:00:00
144,B009,3.5,2025-09-11T01:00:00
144,B010,3.1,2026-01-22T20:00:00
144,B006,2.8,2025-03-20T02:00:00
144,B001,3.9,2025-06-05T03:00:00
144,B017,2.9,2025-07-18T19:00:00
144,B015,2.6,2026-03-12T16:00:00
144,B002,3.5,2025-09-08T12:00:00
144,B007,2.2,2026-01-17T17:00:00
144,B012,2.4,2026-05-04T18:00:00
145,B020,1.8,2026-02-21T00:00:00
145,B001,3.9,2026-05-16T17:00:00
145,B002,3.5,2026-05-10T16:00:00
145,B016,4.4,2025-03-25T03:00:00
145,B008,3.5,2025-01-14T05:00:00
145,B004,2.7,2025-04-27T01:00:00
145,B012,4.1,2025-10-31T03:00:00
145,B011,3.2,2026-01-16T16:00:00
145,B005,3.4,2025-07-03T04:00:00
145,B006,4.5,2025-07-12T06:00:00
146,B011,4.5,2026-01-28T10:00:00
146,B004,1.9,2025-10-11T23:00:00
146,B006,2.0,2025-04-04T19:00:00
146,B003,2.4,2025-01-01T10:00:00
146,B009,3.5,2026-03-12T21:00:00
146,B012,3.1,2025-05-01T07:00:00
146,B002,3.6,2026-01-30T22:00:00
146,B014,4.3,2025-10-12T22:00:00
146,B016,4.7,2025-07-15T12:00:00
147,B007,2.5,2025-02-01T22:00:00
147,B011,4.3,2026-04-11T15:00:00
147,B018,2.0,2025-05-15T02:00:00
147,B010,3.9,2025-07-18T20:00:00
147,B001,3.8,2025-06-23T18:00:00
147,B013,2.4,2025-06-01T23:00:00
147,B009,3.4,2025-11-15T08:00:00
147,B020,4.3,2025-03-30T18:00:00
147,B015,4.0,2025-07-06T23:00:00
147,B002,3.4,2026-04-17T02:00:00
148,B017,3.6,2025-10-30T08:00:00
148,B008,2.5,2026-06-20T14:00:00
148,B010,3.1,2025-06-24T01:00:00
148,B007,3.9,2025-06-09T17:00:00
148,B014,4.1,2025-10-23T06:00:00
148,B005,2.9,2025-02-04T10:00:00
149,B004,3.9,2025-01-23T14:00:00
149,B010,4.3,2026-03-22T23:00:00
149,B006,2.6,2026-01-18T19:00:00
149,B018,3.5,2025-08-28T16:00:00
149,B007,3.9,2026-06-21T06:00:00
149,B012,3.6,2025-02-25T02:00:00
150,B010,3.1,2025-04-13T15:00:00
150,B011,4.4,2026-04-29T21:00:00
150,B012,4.3,2025-04-09T12:00:00
150,B005,3.4,2025-12-01T09:00:00
150,B008,3.7,2025-01-28T07:00:00
150,B017,2.5,2026-02-12T02:00:00
150,B014,2.5,2025-07-04T13:00:00
150,B004,3.7,2026-05-08T01:00:00
150,B015,3.4,2025-04-14T20:00:00
150,B001,3.7,2025-01-13T05:00:00
151,B018,4.6,2026-01-28T21:00:00
151,B007,4.4,2025-09-22T06:00:00
151,B006,4.7,2026-04-21T09:00:00
151,B015,3.7,2025-02-21T19:00:00
151,B014,4.3,2025-12-12T21:00:00
151,B013,3.3,2025-11-01T20:00:00
151,B010,2.9,2025-02-07T17:00:00
151,B009,4.7,2026-03-18T08:00:00
151,B020,4.8,2026-03-09T12:00:00
152,B017,4.1,2025-02-20T11:00:00
152,B007,2.0,2025-10-09T23:00:00
152,B003,4.8,2025-02-16T19:00:00
152,B005,3.7,2025-10-07T00:00:00
152,B009,4.9,2026-04-17T18:00:00
153,B010,4.4,2026-03-02T00:00:00
153,B012,3.7,2025-05-07T03:00:00
153,B002,3.3,2026-02-15T17:00:00
153,B020,3.4,2025-11-22T16:00:00
153,B014,2.8,2026-02-14T09:00:00
153,B008,3.9,2026-03-05T13:00:00
153,B015,3.9,2025-05-22T19:00:00
153,B011,2.6,2026-02-23T00:00:00
153,B004,3.4,2025-07-17T05:00:00
154,B019,4.3,2026-02-21T16:00:00
154,B006,3.8,2026-02-12T23:00:00
154,B018,2.7,2026-06-08T20:00:00
154,B002,3.9,2025-05-08T03:00:00
154,B017,3.8,2025-05-26T07:00:00
155,B013,3.3,2025-06-01T16:00:00
155,B001,3.9,2026-01-07T22:00:00
155,B017,3.2,2025-11-09T15:00:00
155,B008,3.9,2025-06-08T23:00:00
155,B004,2.4,2025-10-27T12:00:00
155,B005,3.1,2025-11-07T04:00:00
155,B006,5.0,2026-06-05T23:00:00
155,B007,4.5,2026-05-04T19:00:00
155,B016,3.1,2025-06-09T18:00:00
155,B015,2.6,2026-01-19T12:00:00
155,B011,3.2,2025-06-23T16:00:00
155,B012,4.0,2025-01-15T21:00:00
156,B013,4.1,2025-08-22T23:00:00
156,B006,3.1,2025-04-12T10:00:00
156,B009,4.3,2025-03-23T01:00:00
156,B018,2.2,2025-09-08T07:00:00
156,B016,3.1,2025-03-07T04:00:00
156,B014,3.8,2025-03-16T06:00:00
156,B011,3.0,2025-04-13T17:00:00
157,B014,4.7,2025-10-05T15:00:00
157,B020,4.8,2025-09-12T10:00:00
157,B002,3.9,2025-04-25T05:00:00
157,B018,4.4,2025-11-08T03:00:00
157,B004,5.0,2025-07-07T06:00:00
157,B015,3.7,2026-04-29T03:00:00
157,B013,3.1,2025-08-04T18:00:00
157,B001,3.4,2025-07-16T12:00:00
158,B012,3.7,2026-02-23T11:00:00
158,B010,5.0,2025-10-08T00:00:00
158,B015,4.4,2025-10-29T11:00:00
158,B007,3.2,2025-11-30T17:00:00
158,B018,1.7,2025-06-14T10:00:00
158,B008,2.7,2026-05-14T07:00:00
158,B011,3.8,2025-05-24T02:00:00
158,B001,3.2,2025-08-08T05:00:00
158,B019,4.7,2025-12-08T06:00:00
158,B002,2.0,2025-09-19T19:00:00
159,B011,4.0,2025-04-26T17:00:00
159,B014,3.8,2026-03-18T08:00:00
159,B002,4.5,2025-03-16T05:00:00
159,B020,4.5,2025-01-22T12:00:00
159,B001,4.4,2025-12-01T17:00:00
159,B012,2.8,2025-12-30T22:00:00
159,B018,3.9,2025-11-19T07:00:00
159,B015,3.6,2026-04-03T14:00:00
160,B006,4.0,2025-11-04T07:00:00
160,B020,3.4,2026-04-28T00:00:00
160,B003,2.1,2025-05-12T16:00:00
160,B001,5.0,2025-03-04T19:00:00
160,B009,3.0,2025-10-28T11:00:00
160,B008,3.2,2026-03-06T05:00:00
160,B019,4.5,2025-01-31T15:00:00
161,B016,3.0,2025-11-05T10:00:00
161,B004,4.2,2026-06-17T16:00:00
161,B012,4.7,2025-05-15T10:00:00
161,B014,3.2,2025-02-05T23:00:00
161,B007,2.8,2025-09-01T05:00:00
161,B011,3.0,2026-05-11T11:00:00
161,B006,2.8,2025-08-08T14:00:00
162,B014,2.8,2025-11-11T14:00:00
162,B007,4.1,2025-01-18T06:00:00
162,B010,5.0,2025-06-05T18:00:00
162,B003,3.0,2026-01-07T17:00:00
162,B008,3.7,2025-04-13T21:00:00
162,B013,4.0,2025-06-05T17:00:00
162,B019,4.4,2025-07-27T08:00:00
162,B005,3.0,2026-06-19T13:00:00
162,B004,5.0,2025-03-10T01:00:00
162,B016,4.8,2025-05-24T12:00:00
163,B006,3.3,2025-02-11T12:00:00
163,B008,3.9,2026-04-23T13:00:00
163,B015,3.4,2026-05-14T09:00:00
163,B014,4.4,2026-01-07T07:00:00
163,B018,3.8,2025-10-14T23:00:00
163,B005,3.9,2025-03-27T00:00:00
163,B012,4.1,2025-08-15T18:00:00
163,B002,3.9,2026-04-17T18:00:00
163,B020,4.4,2026-03-19T21:00:00
164,B006,3.2,2025-08-22T10:00:00
164,B015,4.5,2026-02-20T10:00:00
164,B010,3.2,2026-01-27T06:00:00
164,B008,3.6,2026-03-25T11:00:00
164,B009,3.8,2025-11-27T00:00:00
164,B016,4.1,2025-03-19T06:00:00
164,B017,5.0,2025-05-30T22:00:00
165,B016,3.9,2026-05-10T14:00:00
165,B004,3.4,2026-06-16T18:00:00
165,B001,5.0,2026-01-08T08:00:00
165,B020,2.6,2025-08-29T10:00:00
165,B015,3.9,2026-05-03T17:00:00
165,B017,3.7,2026-03-25T15:00:00
165,B007,3.4,2025-01-23T17:00:00
165,B006,3.6,2025-05-17T12:00:00
165,B019,3.3,2025-11-08T10:00:00
166,B003,5.0,2026-02-01T13:00:00
166,B020,2.8,2025-07-07T03:00:00
166,B011,4.4,2025-09-16T15:00:00
166,B009,3.1,2025-08-21T11:00:00
166,B014,3.3,2025-12-14T14:00:00
166,B015,3.1,2026-01-19T02:00:00
166,B012,2.9,2025-07-01T16:00:00
166,B008,3.6,2025-05-04T09:00:00
166,B019,4.2,2026-02-03T14:00:00
166,B010,5.0,2025-03-09T10:00:00
167,B015,5.0,2025-11-25T16:00:00
167,B002,2.6,2026-06-19T12:00:00
167,B020,2.8,2026-03-13T12:00:00
167,B010,5.0,2026-05-19T03:00:00
167,B014,2.6,2025-02-26T16:00:00
167,B011,3.1,2025-06-27T20:00:00
167,B016,2.9,2025-02-18T09:00:00
167,B003,2.5,2025-02-23T21:00:00
168,B017,5.0,2025-04-30T09:00:00
168,B013,3.8,2025-12-05T05:00:00
168,B002,4.5,2025-09-22T13:00:00
168,B006,3.6,2025-11-14T06:00:00
168,B011,2.9,2025-10-07T13:00:00
168,B005,2.2,2026-02-28T12:00:00
168,B008,4.5,2026-02-09T01:00:00
168,B012,3.6,2025-03-10T05:00:00
168,B014,4.1,2025-09-20T21:00:00
168,B015,3.6,2025-10-19T17:00:00
168,B010,3.9,2026-05-25T06:00:00
168,B018,3.7,2025-04-22T03:00:00
169,B009,4.5,2025-01-15T04:00:00
169,B007,2.7,2025-12-25T14:00:00
169,B013,4.3,2025-06-06T09:00:00
169,B014,1.9,2025-03-13T07:00:00
169,B011,3.8,2026-02-24T16:00:00
169,B020,4.5,2025-11-26T11:00:00
169,B002,3.9,2025-03-17T00:00:00
170,B012,3.5,2026-02-02T08:00:00
170,B007,2.3,2025-01-22T13:00:00
170,B011,4.0,2026-02-25T22:00:00
170,B014,4.0,2026-02-20T13:00:00
170,B013,2.5,2026-04-09T14:00:00
170,B009,3.8,2025-07-30T07:00:00
170,B020,3.6,2026-01-08T14:00:00
170,B019,3.9,2025-11-04T19:00:00
170,B004,3.9,2025-06-10T21:00:00
170,B005,3.0,2025-02-06T21:00:00
171,B008,2.3,2025-11-20T18:00:00
171,B002,4.8,2025-12-13T22:00:00
171,B020,4.3,2025-06-13T04:00:00
171,B009,3.2,2026-02-24T05:00:00
171,B018,5.0,2025-10-15T22:00:00
172,B019,4.5,2025-03-27T11:00:00
172,B010,2.9,2025-01-17T19:00:00
172,B018,3.6,2025-06-23T11:00:00
172,B020,3.9,2026-06-17T00:00:00
172,B002,5.0,2025-10-07T23:00:00
172,B004,2.6,2025-03-24T10:00:00
172,B005,3.3,2025-01-11T23:00:00
172,B006,2.6,2025-07-24T15:00:00
172,B015,2.7,2025-09-25T17:00:00
172,B013,4.2,2026-04-06T21:00:00
173,B015,2.2,2025-12-05T21:00:00
173,B017,2.3,2025-07-24T23:00:00
173,B001,2.9,2025-01-04T13:00:00
173,B016,4.3,2025-07-22T22:00:00
173,B012,3.5,2026-06-04T00:00:00
173,B004,3.7,2025-07-13T22:00:00
174,B007,4.1,2025-03-09T18:00:00
174,B019,5.0,2026-05-07T11:00:00
174,B002,2.3,2025-07-14T07:00:00
174,B009,5.0,2026-02-17T14:00:00
174,B018,3.2,2025-06-06T04:00:00
174,B015,1.3,2025-01-26T04:00:00
174,B001,4.1,2025-10-12T07:00:00
174,B003,3.0,2025-03-10T10:00:00
174,B017,3.5,2025-05-13T16:00:00
175,B006,3.6,2026-05-03T08:00:00
175,B020,3.9,2025-12-06T22:00:00
175,B001,4.5,2025-08-23T22:00:00
175,B007,2.5,2026-05-16T18:00:00
175,B003,3.5,2025-03-25T16:00:00
175,B004,3.8,2025-03-02T15:00:00
175,B016,4.1,2026-05-10T17:00:00
176,B004,3.8,2026-01-13T14:00:00
176,B018,2.0,2026-04-03T20:00:00
176,B013,2.7,2025-11-18T03:00:00
176,B005,3.8,2025-07-22T22:00:00
176,B002,3.6,2025-05-12T10:00:00
176,B017,3.7,2026-05-04T11:00:00
176,B011,3.5,2026-03-21T20:00:00
176,B007,3.7,2025-03-11T04:00:00
176,B016,3.5,2025-12-13T02:00:00
176,B001,3.1,2026-05-06T01:00:00
176,B008,3.5,2026-02-10T00:00:00
177,B018,4.0,2026-01-19T16:00:00
177,B011,2.4,2025-09-20T10:00:00
177,B002,4.5,2025-10-20T14:00:00
177,B004,4.0,2025-02-12T12:00:00
177,B005,3.7,2025-11-02T22:00:00
177,B014,4.1,2025-11-07T11:00:00
177,B009,2.7,2025-09-16T06:00:00
177,B020,4.3,2026-04-14T12:00:00
177,B001,2.7,2025-08-09T20:00:00
177,B015,4.5,2026-01-17T02:00:00
177,B006,3.2,2025-07-29T03:00:00
178,B015,3.5,2026-03-19T14:00:00
178,B017,2.0,2025-02-15T21:00:00
178,B018,2.5,2026-05-06T06:00:00
178,B006,3.9,2025-07-12T07:00:00
178,B004,3.6,2025-02-15T18:00:00
178,B010,2.8,2025-10-21T11:00:00
178,B007,4.0,2025-06-28T18:00:00
178,B001,2.5,2025-10-27T04:00:00
178,B011,3.3,2026-05-22T21:00:00
178,B003,2.9,2025-03-30T19:00:00
178,B009,3.8,2025-05-29T19:00:00
178,B002,3.1,2026-03-06T03:00:00
179,B002,4.9,2026-02-22T22:00:00
179,B001,2.5,2025-06-09T22:00:00
179,B020,3.4,2026-06-01T03:00:00
179,B016,3.5,2025-11-10T07:00:00
179,B005,3.1,2025-07-15T00:00:00
179,B018,3.9,2025-03-15T02:00:00
179,B009,3.8,2026-01-02T21:00:00
179,B014,5.0,2026-01-28T17:00:00
179,B011,3.3,2025-12-26T21:00:00
180,B001,4.8,2026-02-02T17:00:00
180,B016,4.2,2025-10-28T05:00:00
180,B018,4.1,2025-06-30T12:00:00
180,B007,2.6,2026-05-21T07:00:00
180,B009,3.0,2025-04-29T03:00:00
180,B015,2.0,2026-01-13T20:00:00
181,B008,4.2,2025-03-30T18:00:00
181,B013,2.7,2026-01-18T17:00:00
181,B002,3.4,2025-07-09T18:00:00
181,B003,3.2,2025-11-04T04:00:00
181,B018,4.9,2026-01-16T01:00:00
181,B012,3.1,2025-01-10T09:00:00
181,B009,3.8,2025-08-08T03:00:00
181,B006,2.8,2026-06-07T04:00:00
181,B019,3.6,2025-03-16T18:00:00
181,B004,3.2,2026-01-06T07:00:00
181,B001,3.6,2026-03-19T01:00:00
182,B007,3.6,2026-06-06T13:00:00
182,B015,5.0,2025-06-11T07:00:00
182,B008,4.0,2025-03-18T13:00:00
182,B010,4.1,2025-03-28T22:00:00
182,B018,4.2,2025-11-12T15:00:00
183,B014,4.4,2025-09-28T19:00:00
183,B015,3.3,2025-05-23T22:00:00
183,B006,3.5,2025-11-25T06:00:00
183,B007,3.1,2025-12-12T05:00:00
183,B008,3.6,2026-04-16T17:00:00
183,B020,4.1,2025-09-16T03:00:00
183,B009,3.3,2026-03-07T06:00:00
183,B018,5.0,2025-05-03T04:00:00
183,B011,4.1,2025-10-02T04:00:00
184,B009,3.6,2025-06-25T12:00:00
184,B001,4.0,2025-04-04T18:00:00
184,B012,4.3,2025-10-04T15:00:00
184,B002,2.8,2025-08-15T07:00:00
184,B003,2.1,2025-08-14T08:00:00
184,B020,4.0,2026-03-22T18:00:00
184,B014,3.5,2026-04-02T06:00:00
184,B007,2.2,2026-03-31T14:00:00
184,B006,5.0,2026-01-25T00:00:00
184,B011,3.9,2026-02-02T14:00:00
184,B015,4.4,2025-03-21T19:00:00
184,B019,3.0,2025-06-22T12:00:00
185,B006,3.7,2025-07-20T01:00:00
185,B005,3.5,2025-02-21T08:00:00
185,B018,3.8,2025-10-28T04:00:00
185,B002,4.1,2025-08-26T02:00:00
185,B004,4.4,2025-06-30T09:00:00
185,B011,3.8,2025-08-30T00:00:00
185,B009,4.7,2025-03-10T03:00:00
186,B010,3.5,2025-05-16T07:00:00
186,B005,3.3,2025-10-13T14:00:00
186,B003,4.5,2025-09-12T05:00:00
186,B009,3.2,2025-03-10T12:00:00
186,B015,4.2,2026-02-18T16:00:00
186,B004,3.9,2026-02-19T08:00:00
186,B016,3.9,2025-11-03T11:00:00
186,B018,4.5,2026-04-06T18:00:00
186,B006,3.3,2025-11-06T12:00:00
186,B008,2.8,2026-01-16T06:00:00
187,B019,3.9,2026-06-09T17:00:00
187,B017,3.1,2025-07-18T09:00:00
187,B018,3.9,2025-05-30T23:00:00
187,B007,4.6,2025-01-26T16:00:00
187,B002,2.9,2025-12-09T19:00:00
187,B010,3.3,2025-02-22T16:00:00
187,B009,4.5,2026-05-15T13:00:00
187,B013,3.3,2026-06-03T02:00:00
187,B012,3.7,2025-10-01T04:00:00
187,B008,2.5,2025-10-10T12:00:00
188,B005,3.7,2025-02-08T08:00:00
188,B014,3.5,2025-08-13T14:00:00
188,B011,2.9,2025-04-27T02:00:00
188,B017,3.3,2025-12-17T19:00:00
188,B004,3.8,2026-04-26T08:00:00
188,B007,3.5,2026-06-17T21:00:00
188,B018,2.4,2026-03-21T15:00:00
188,B001,2.7,2026-02-19T01:00:00
188,B002,3.1,2025-09-21T03:00:00
189,B017,4.5,2026-05-08T21:00:00
189,B004,3.9,2025-02-28T13:00:00
189,B018,3.1,2025-02-01T10:00:00
189,B013,3.6,2025-08-08T12:00:00
189,B011,2.5,2025-06-18T10:00:00
189,B008,2.7,2025-03-26T03:00:00
189,B012,3.1,2025-06-05T01:00:00
189,B005,4.6,2026-01-11T21:00:00
190,B003,3.0,2025-03-15T19:00:00
190,B020,2.8,2025-09-24T05:00:00
190,B002,4.4,2025-04-09T15:00:00
190,B001,4.6,2025-02-02T12:00:00
190,B019,3.5,2026-02-15T13:00:00
190,B015,3.2,2025-12-01T06:00:00
190,B018,3.9,2025-02-07T02:00:00
190,B016,4.8,2025-05-10T04:00:00
190,B011,3.8,2025-12-07T22:00:00
190,B007,2.0,2026-03-22T13:00:00
190,B017,4.4,2026-02-05T06:00:00
191,B003,3.2,2025-01-08T05:00:00
191,B014,3.6,2026-05-14T10:00:00
191,B016,3.1,2026-05-23T08:00:00
191,B011,4.0,2026-03-04T01:00:00
191,B018,3.8,2025-12-18T19:00:00
191,B008,3.6,2025-07-26T06:00:00
191,B002,4.1,2025-07-21T13:00:00
191,B020,4.6,2025-10-25T17:00:00
191,B012,3.1,2025-10-19T10:00:00
192,B006,2.5,2025-11-10T19:00:00
192,B007,4.0,2025-08-07T17:00:00
192,B020,3.3,2025-04-29T07:00:00
192,B016,2.5,2025-12-03T05:00:00
192,B005,4.7,2025-03-23T10:00:00
192,B010,2.8,2025-09-21T13:00:00
192,B009,4.4,2025-03-12T02:00:00
192,B019,3.1,2025-01-04T07:00:00
193,B013,3.9,2025-12-17T05:00:00
193,B007,3.7,2025-12-26T00:00:00
193,B002,4.3,2026-03-19T03:00:00
193,B015,2.9,2026-02-17T06:00:00
193,B009,2.7,2025-03-10T23:00:00
193,B010,2.7,2026-04-14T12:00:00
193,B005,3.3,2025-02-07T14:00:00
193,B019,2.7,2025-12-13T13:00:00
193,B014,3.5,2026-04-20T02:00:00
193,B018,3.5,2025-04-30T18:00:00
193,B012,4.8,2025-12-15T03:00:00
193,B020,3.6,2025-09-09T09:00:00
193,B004,2.7,2025-10-15T10:00:00
194,B009,3.4,2025-05-07T05:00:00
194,B012,3.6,2025-03-22T07:00:00
194,B018,3.5,2025-03-23T22:00:00
194,B010,3.7,2025-11-01T03:00:00
194,B001,2.9,2025-02-11T09:00:00
194,B007,4.2,2025-12-08T08:00:00
194,B005,4.7,2025-01-05T03:00:00
194,B003,2.3,2026-02-20T17:00:00
194,B004,2.5,2025-09-11T02:00:00
194,B013,3.4,2025-04-17T20:00:00
194,B015,3.2,2025-05-10T05:00:00
194,B020,4.4,2025-07-12T15:00:00
194,B019,2.7,2026-02-02T06:00:00
194,B008,4.0,2025-05-20T12:00:00
195,B006,3.6,2025-02-11T07:00:00
195,B004,2.9,2025-03-15T21:00:00
195,B016,3.9,2025-04-26T18:00:00
195,B001,3.1,2025-01-15T13:00:00
195,B013,3.5,2025-11-29T13:00:00
195,B008,3.6,2025-07-26T20:00:00
195,B020,4.0,2025-09-06T15:00:00
195,B003,3.1,2026-04-15T16:00:00
195,B005,3.7,2025-05-25T09:00:00
195,B002,3.7,2025-08-18T14:00:00
195,B014,3.1,2026-01-29T07:00:00
196,B004,3.6,2025-09-08T21:00:00
196,B013,4.6,2025-07-07T20:00:00
196,B015,3.4,2025-12-02T22:00:00
196,B001,2.6,2026-03-12T08:00:00
196,B012,3.6,2025-07-24T20:00:00
196,B017,3.9,2025-07-20T07:00:00
197,B013,3.5,2025-01-12T18:00:00
197,B014,4.2,2026-04-06T06:00:00
197,B018,4.2,2025-04-06T08:00:00
197,B002,3.3,2025-09-04T01:00:00
197,B020,4.2,2025-01-07T15:00:00
197,B004,3.5,2026-04-09T17:00:00
197,B010,3.2,2025-08-28T23:00:00
198,B012,4.4,2025-06-12T15:00:00
198,B002,3.7,2025-06-29T21:00:00
198,B015,3.6,2025-03-28T05:00:00
198,B008,3.0,2025-12-04T14:00:00
198,B010,4.0,2026-04-22T02:00:00
199,B020,3.2,2025-07-30T04:00:00
199,B018,3.0,2026-06-15T04:00:00
199,B005,4.2,2025-03-24T23:00:00
199,B002,3.6,2025-10-10T10:00:00
199,B019,2.9,2025-01-25T23:00:00
199,B014,5.0,2025-03-25T02:00:00
199,B006,3.7,2026-05-04T09:00:00
200,B009,3.3,2026-01-20T23:00:00
200,B006,4.1,2025-02-24T13:00:00
200,B011,3.8,2026-04-17T19:00:00
200,B004,3.5,2026-06-23T05:00:00
200,B001,5.0,2025-02-18T03:00:00
200,B005,2.2,2025-05-08T17:00:00
200,B014,2.7,2025-09-12T16:00:00
200,B016,4.1,2025-05-25T22:00:00
201,B008,3.0,2025-02-11T12:00:00
201,B004,3.0,2025-10-25T01:00:00
201,B006,3.6,2026-01-13T10:00:00
201,B014,2.6,2025-10-14T09:00:00
201,B009,2.6,2025-03-05T21:00:00
201,B015,3.0,2025-05-06T12:00:00
201,B002,2.6,2025-04-15T02:00:00
202,B010,2.6,2025-08-20T01:00:00
202,B012,3.6,2025-03-20T02:00:00
202,B007,4.6,2026-06-02T15:00:00
202,B011,3.1,2026-02-03T03:00:00
202,B013,3.2,2026-06-22T00:00:00
202,B009,2.3,2026-05-25T08:00:00
203,B017,2.2,2025-05-23T13:00:00
203,B011,3.7,2026-06-02T04:00:00
203,B014,4.0,2025-12-12T13:00:00
203,B009,3.5,2025-10-29T04:00:00
203,B020,4.2,2025-02-13T11:00:00
203,B002,4.8,2025-12-12T07:00:00
203,B018,4.7,2026-03-13T00:00:00
203,B016,4.2,2026-02-12T19:00:00
203,B007,3.6,2026-03-17T16:00:00
203,B005,3.6,2025-04-22T15:00:00
203,B001,4.4,2026-04-04T06:00:00
204,B018,2.4,2025-07-06T00:00:00
204,B014,4.4,2025-09-19T18:00:00
204,B009,3.9,2026-03-07T19:00:00
204,B006,2.4,2026-04-13T02:00:00
204,B012,2.7,2026-01-10T18:00:00
204,B011,3.0,2025-04-16T09:00:00
204,B003,3.3,2025-07-19T05:00:00
204,B013,2.7,2026-04-30T04:00:00
204,B001,4.4,2026-03-04T00:00:00
204,B016,3.2,2025-11-13T17:00:00
204,B020,4.2,2026-06-17T04:00:00
204,B010,4.2,2025-01-18T09:00:00
204,B002,3.0,2026-02-22T21:00:00
204,B007,3.0,2026-03-21T10:00:00
205,B010,3.2,2025-05-30T06:00:00
205,B001,4.5,2025-12-11T03:00:00
205,B014,3.0,2026-02-13T17:00:00
205,B011,2.8,2026-03-21T19:00:00
205,B006,3.4,2025-04-30T12:00:00
205,B013,3.3,2025-12-09T00:00:00
205,B018,3.4,2025-02-27T19:00:00
205,B003,3.7,2025-03-16T23:00:00
205,B016,3.3,2025-05-28T01:00:00
206,B003,3.4,2025-06-14T18:00:00
206,B014,3.3,2025-07-23T06:00:00
206,B007,3.4,2025-11-18T11:00:00
206,B006,2.9,2025-07-29T05:00:00
206,B017,4.5,2025-01-01T12:00:00
206,B013,3.7,2025-11-22T04:00:00
206,B011,3.4,2025-07-14T06:00:00
206,B005,2.6,2025-02-20T23:00:00
206,B010,2.6,2025-11-27T01:00:00
206,B016,3.1,2026-05-27T21:00:00
206,B019,3.2,2025-04-05T15:00:00
207,B006,3.0,2025-11-23T13:00:00
207,B010,3.4,2026-04-06T23:00:00
207,B015,3.4,2025-05-02T14:00:00
207,B012,3.7,2025-05-28T02:00:00
207,B007,4.5,2025-12-24T10:00:00
207,B016,3.8,2025-06-03T23:00:00
207,B017,2.9,2025-02-10T17:00:00
208,B019,3.2,2025-10-26T20:00:00
208,B017,5.0,2026-06-09T17:00:00
208,B006,3.6,2025-10-18T11:00:00
208,B011,2.2,2025-08-29T17:00:00
208,B007,3.6,2026-05-22T19:00:00
209,B013,4.9,2025-02-23T22:00:00
209,B009,4.2,2026-01-05T12:00:00
209,B010,3.0,2025-02-09T00:00:00
209,B016,2.5,2025-06-30T23:00:00
209,B004,3.6,2025-10-29T05:00:00
209,B011,3.1,2025-05-17T21:00:00
209,B020,2.8,2025-06-18T08:00:00
209,B002,3.6,2026-05-10T05:00:00
209,B005,3.5,2025-08-16T10:00:00
209,B008,3.7,2025-01-27T20:00:00
210,B019,4.3,2025-02-08T02:00:00
210,B003,2.9,2025-04-01T10:00:00
210,B011,5.0,2025-12-02T06:00:00
210,B002,2.2,2026-04-04T10:00:00
210,B013,4.5,2025-10-18T02:00:00
210,B007,5.0,2025-03-03T19:00:00
211,B006,3.4,2025-12-05T17:00:00
211,B002,4.1,2026-03-15T13:00:00
211,B019,3.1,2026-06-03T13:00:00
211,B014,3.6,2026-03-29T08:00:00
211,B009,3.6,2025-10-14T17:00:00
212,B020,3.5,2026-01-17T20:00:00
212,B016,2.8,2025-05-15T20:00:00
212,B007,1.1,2025-04-29T10:00:00
212,B005,4.5,2025-11-28T10:00:00
212,B004,2.6,2026-03-12T17:00:00
212,B017,3.9,2025-10-18T09:00:00
212,B018,3.8,2026-05-18T04:00:00
212,B002,3.6,2026-03-28T23:00:00
213,B019,3.3,2025-03-06T04:00:00
213,B007,3.2,2025-01-08T20:00:00
213,B002,3.4,2025-07-28T22:00:00
213,B006,4.2,2025-06-19T15:00:00
213,B016,2.5,2025-07-01T05:00:00
213,B013,2.5,2025-11-25T08:00:00
213,B003,2.6,2025-02-03T10:00:00
213,B004,3.8,2026-04-10T12:00:00
214,B010,3.7,2025-08-11T18:00:00
214,B014,2.9,2025-01-30T10:00:00
214,B005,3.7,2025-08-08T23:00:00
214,B011,2.5,2026-03-14T10:00:00
214,B003,2.7,2025-11-07T07:00:00
214,B012,3.2,2025-11-29T20:00:00
214,B002,3.5,2025-07-28T10:00:00
214,B017,3.2,2026-03-04T03:00:00
215,B011,3.7,2026-04-03T19:00:00
215,B005,4.5,2026-03-26T00:00:00
215,B016,4.9,2026-05-25T23:00:00
215,B012,5.0,2026-06-16T07:00:00
215,B002,3.1,2025-02-25T17:00:00
216,B014,4.3,2026-06-11T11:00:00
216,B010,3.7,2025-02-11T06:00:00
216,B015,4.3,2025-03-25T18:00:00
216,B013,4.6,2025-04-23T14:00:00
216,B011,3.7,2025-06-21T23:00:00
216,B017,3.6,2025-01-25T02:00:00
216,B009,3.5,2026-06-08T06:00:00
217,B002,4.9,2025-10-28T18:00:00
217,B020,3.0,2025-01-14T21:00:00
217,B015,3.2,2025-04-13T02:00:00
217,B009,3.8,2025-01-18T18:00:00
217,B018,4.0,2025-12-25T23:00:00
217,B014,3.4,2025-01-02T06:00:00
217,B012,3.5,2025-12-20T04:00:00
217,B005,3.3,2025-01-18T03:00:00
217,B004,3.9,2025-09-23T02:00:00
218,B005,3.2,2025-06-20T19:00:00
218,B010,3.2,2025-03-29T13:00:00
218,B002,4.0,2025-05-14T04:00:00
218,B004,3.8,2025-04-20T10:00:00
218,B012,3.2,2025-01-08T07:00:00
218,B007,4.2,2026-04-08T11:00:00
219,B012,4.0,2025-03-02T03:00:00
219,B017,3.1,2025-02-09T06:00:00
219,B020,4.9,2025-04-13T14:00:00
219,B010,3.0,2026-03-10T16:00:00
219,B003,2.6,2025-04-21T10:00:00
219,B005,3.4,2025-07-20T16:00:00
219,B014,4.1,2026-04-19T22:00:00
219,B002,4.3,2025-10-22T11:00:00
219,B019,3.3,2026-05-19T09:00:00
219,B006,4.1,2025-01-26T00:00:00
220,B003,3.3,2025-03-07T16:00:00
220,B014,2.0,2026-05-02T00:00:00
220,B016,4.3,2026-03-12T03:00:00
220,B006,3.4,2026-05-13T21:00:00
220,B018,4.0,2025-10-04T18:00:00
220,B007,4.2,2025-03-09T10:00:00
220,B005,3.5,2026-05-29T01:00:00
220,B001,4.2,2025-10-27T03:00:00
221,B006,3.3,2026-06-12T21:00:00
221,B007,4.2,2025-04-27T19:00:00
221,B002,3.9,2025-06-19T13:00:00
221,B008,4.0,2025-05-23T00:00:00
221,B005,3.9,2025-04-08T17:00:00
221,B014,2.1,2025-04-25T02:00:00
222,B010,4.2,2025-08-27T18:00:00
222,B011,2.7,2026-01-18T14:00:00
222,B007,3.4,2025-03-05T00:00:00
222,B014,3.9,2025-11-24T15:00:00
222,B001,4.2,2025-07-04T06:00:00
222,B015,3.6,2026-02-17T02:00:00
222,B003,3.4,2025-06-11T16:00:00
222,B009,3.3,2026-06-01T04:00:00
222,B006,2.9,2025-04-01T18:00:00
222,B004,2.3,2026-05-22T17:00:00
222,B019,4.6,2025-08-18T10:00:00
222,B017,4.2,2026-04-17T18:00:00
223,B018,4.2,2025-05-26T05:00:00
223,B007,4.1,2025-09-06T20:00:00
223,B014,4.6,2025-08-16T08:00:00
223,B010,3.7,2026-03-23T04:00:00
223,B005,3.3,2025-06-04T16:00:00
223,B006,4.6,2025-03-06T02:00:00
223,B015,3.6,2025-04-26T18:00:00
223,B001,3.0,2025-09-12T11:00:00
223,B013,4.0,2025-06-17T06:00:00
223,B008,3.5,2026-05-02T23:00:00
223,B002,4.3,2025-09-12T01:00:00
224,B001,2.4,2025-01-03T12:00:00
224,B005,4.4,2026-03-30T08:00:00
224,B007,3.6,2025-12-01T19:00:00
224,B010,2.2,2026-02-10T22:00:00
224,B009,4.8,2026-06-03T12:00:00
224,B002,3.0,2025-04-03T10:00:00
224,B015,2.8,2025-02-20T03:00:00
224,B018,2.7,2026-01-05T07:00:00
224,B014,3.4,2025-02-15T11:00:00
224,B004,4.1,2025-09-12T13:00:00
224,B012,2.7,2026-01-21T12:00:00
225,B005,2.6,2026-06-03T19:00:00
225,B001,3.6,2025-09-22T12:00:00
225,B016,4.4,2025-07-08T13:00:00
225,B006,3.7,2025-12-09T19:00:00
225,B017,3.0,2026-02-04T00:00:00
225,B011,3.3,2025-04-13T02:00:00
225,B004,2.9,2026-01-02T14:00:00
226,B007,3.2,2026-05-06T10:00:00
226,B020,3.2,2026-01-31T17:00:00
226,B006,3.0,2025-06-22T11:00:00
226,B003,4.3,2025-06-29T09:00:00
226,B016,4.0,2025-10-02T01:00:00
226,B002,4.6,2026-01-12T09:00:00
226,B014,3.2,2025-05-30T06:00:00
226,B019,3.2,2025-07-18T04:00:00
226,B009,4.1,2026-05-19T21:00:00
227,B014,4.1,2025-12-29T22:00:00
227,B013,3.7,2025-03-10T19:00:00
227,B006,3.2,2025-08-24T10:00:00
227,B007,3.1,2025-11-09T00:00:00
227,B015,4.1,2026-02-10T14:00:00
227,B010,4.8,2025-03-10T13:00:00
227,B017,3.9,2026-01-06T22:00:00
228,B003,2.7,2026-06-25T16:00:00
228,B016,3.0,2025-03-04T09:00:00
228,B018,4.2,2025-09-17T12:00:00
228,B017,5.0,2026-01-26T22:00:00
228,B008,2.3,2025-08-20T18:00:00
228,B013,3.7,2025-08-04T05:00:00
228,B020,3.1,2025-08-06T05:00:00
228,B007,4.2,2026-01-31T14:00:00
228,B010,2.4,2026-05-08T22:00:00
228,B015,4.2,2025-10-30T06:00:00
228,B014,2.3,2025-08-29T17:00:00
229,B019,3.2,2026-04-14T12:00:00
229,B013,3.9,2025-12-04T23:00:00
229,B014,4.5,2025-03-18T10:00:00
229,B015,3.2,2026-02-04T13:00:00
229,B004,3.9,2026-01-15T09:00:00
229,B012,2.8,2025-10-03T19:00:00
229,B005,3.4,2025-05-25T12:00:00
229,B008,1.7,2026-04-16T00:00:00
229,B020,2.3,2026-06-17T20:00:00
229,B003,3.2,2026-01-22T00:00:00
229,B001,3.4,2025-03-31T04:00:00
230,B015,3.7,2025-05-01T14:00:00
230,B020,3.7,2025-05-22T15:00:00
230,B011,3.6,2025-04-09T17:00:00
230,B019,4.0,2025-05-29T08:00:00
230,B009,4.4,2025-09-28T23:00:00
231,B010,2.8,2025-02-20T02:00:00
231,B019,4.0,2026-02-24T08:00:00
231,B002,2.9,2025-08-05T04:00:00
231,B012,4.4,2026-05-31T05:00:00
231,B014,3.9,2025-10-14T00:00:00
231,B001,3.8,2026-06-14T05:00:00
231,B020,4.8,2025-03-02T02:00:00
232,B002,1.5,2025-05-25T18:00:00
232,B007,4.3,2025-08-07T13:00:00
232,B005,4.7,2026-04-29T03:00:00
232,B001,2.2,2026-06-12T04:00:00
232,B019,2.0,2025-03-26T06:00:00
232,B013,3.9,2026-02-17T07:00:00
232,B020,3.9,2025-08-07T23:00:00
232,B003,2.8,2025-09-05T10:00:00
232,B009,3.7,2025-03-03T12:00:00
232,B015,3.5,2026-03-22T01:00:00
232,B010,3.1,2025-08-13T22:00:00
232,B016,4.2,2025-11-02T12:00:00
233,B009,2.9,2025-02-04T17:00:00
233,B011,4.6,2025-11-29T03:00:00
233,B007,3.2,2026-04-19T16:00:00
233,B002,3.4,2025-05-26T10:00:00
233,B012,4.4,2026-02-20T22:00:00
233,B010,3.5,2026-01-01T01:00:00
233,B005,3.0,2025-02-21T02:00:00
233,B016,2.5,2026-03-27T20:00:00
234,B007,3.2,2025-03-09T01:00:00
234,B019,3.6,2025-08-10T09:00:00
234,B012,3.2,2025-05-02T00:00:00
234,B017,4.4,2025-11-04T20:00:00
234,B014,4.0,2025-12-15T04:00:00
234,B015,3.3,2025-03-02T02:00:00
234,B009,4.6,2025-02-15T22:00:00
234,B001,4.4,2026-05-28T08:00:00
234,B006,3.9,2025-07-18T18:00:00
235,B016,4.1,2025-09-18T05:00:00
235,B006,3.7,2025-04-08T02:00:00
235,B001,4.8,2026-03-08T21:00:00
235,B002,2.8,2026-02-28T16:00:00
235,B008,3.0,2026-04-13T10:00:00
235,B020,4.9,2026-04-07T10:00:00
235,B007,4.3,2026-04-20T00:00:00
236,B003,3.8,2025-06-25T02:00:00
236,B006,3.8,2026-05-16T23:00:00
236,B004,5.0,2026-03-21T03:00:00
236,B013,3.4,2025-08-05T17:00:00
236,B012,3.3,2025-11-17T18:00:00
236,B009,2.6,2026-06-14T01:00:00
236,B019,4.2,2025-12-14T07:00:00
237,B018,4.6,2025-02-25T05:00:00
237,B006,4.6,2025-05-11T20:00:00
237,B020,4.0,2025-05-19T21:00:00
237,B008,3.8,2025-10-12T08:00:00
237,B002,4.6,2025-05-15T23:00:00
237,B014,3.7,2025-07-20T22:00:00
237,B003,2.7,2025-01-14T04:00:00
238,B015,3.7,2026-02-10T06:00:00
238,B004,3.4,2025-08-25T14:00:00
238,B008,2.7,2025-04-09T19:00:00
238,B007,5.0,2025-01-24T20:00:00
238,B017,3.0,2025-03-17T15:00:00
238,B010,4.1,2025-05-03T00:00:00
239,B019,3.8,2025-09-18T09:00:00
239,B020,3.9,2026-03-18T12:00:00
239,B013,3.5,2025-07-13T22:00:00
239,B018,3.8,2025-11-06T20:00:00
239,B010,2.7,2025-05-01T02:00:00
239,B002,3.9,2026-06-10T20:00:00
239,B014,4.0,2025-04-11T23:00:00
239,B011,2.9,2025-09-03T23:00:00
239,B007,3.5,2025-05-18T23:00:00
240,B010,2.8,2025-10-01T11:00:00
240,B004,4.4,2026-02-04T22:00:00
240,B005,3.1,2025-12-05T14:00:00
240,B003,3.0,2025-12-10T06:00:00
240,B016,3.2,2026-04-29T08:00:00
240,B001,4.1,2025-11-10T16:00:00
240,B009,4.2,2025-01-14T14:00:00
240,B006,4.4,2025-09-03T11:00:00
241,B002,4.0,2025-02-27T14:00:00
241,B013,2.8,2025-08-20T03:00:00
241,B007,2.6,2025-01-19T00:00:00
241,B010,3.1,2025-12-31T05:00:00
241,B005,3.1,2026-04-03T02:00:00
241,B016,3.0,2025-11-22T05:00:00
241,B004,4.3,2025-06-30T13:00:00
241,B008,5.0,2026-04-17T08:00:00
241,B003,2.4,2025-07-18T20:00:00
241,B015,2.9,2025-01-26T22:00:00
241,B018,3.5,2025-06-01T07:00:00
241,B006,3.1,2025-05-16T18:00:00
242,B010,4.4,2026-01-12T10:00:00
242,B004,4.0,2025-02-16T01:00:00
242,B018,3.9,2025-07-02T23:00:00
242,B013,3.8,2025-07-19T03:00:00
242,B002,4.6,2025-05-07T06:00:00
242,B015,3.0,2025-03-30T15:00:00
242,B003,2.8,2025-12-27T21:00:00
243,B003,3.9,2026-05-01T22:00:00
243,B016,2.0,2025-08-16T11:00:00
243,B018,4.8,2025-03-31T16:00:00
243,B012,4.3,2025-04-04T01:00:00
243,B014,3.5,2025-07-24T12:00:00
243,B001,3.6,2025-07-07T22:00:00
243,B010,2.8,2026-03-22T22:00:00
244,B015,3.1,2026-06-05T00:00:00
244,B009,4.0,2025-10-27T08:00:00
244,B008,3.1,2025-06-07T22:00:00
244,B004,3.9,2025-02-28T12:00:00
244,B006,3.2,2026-02-03T07:00:00
244,B020,3.4,2026-05-06T07:00:00
244,B013,3.7,2025-04-18T07:00:00
244,B019,4.2,2025-01-14T21:00:00
245,B006,4.0,2025-01-18T18:00:00
245,B001,3.6,2025-08-05T18:00:00
245,B016,4.7,2025-07-09T01:00:00
245,B011,3.1,2025-07-26T18:00:00
245,B018,4.7,2026-06-20T15:00:00
245,B014,2.7,2026-05-11T07:00:00
246,B008,3.7,2025-12-05T01:00:00
246,B004,3.7,2025-08-14T15:00:00
246,B010,3.0,2026-03-13T19:00:00
246,B015,4.1,2025-04-23T20:00:00
246,B007,4.3,2025-06-15T16:00:00
246,B019,3.7,2025-12-10T19:00:00
246,B003,5.0,2025-10-27T23:00:00
246,B018,3.9,2025-11-09T19:00:00
246,B020,3.6,2026-04-07T09:00:00
247,B007,4.4,2025-05-13T01:00:00
247,B010,3.9,2025-02-14T15:00:00
247,B012,3.1,2026-01-15T10:00:00
247,B018,2.6,2026-03-20T09:00:00
247,B020,3.9,2025-08-17T18:00:00
247,B014,2.8,2025-04-20T04:00:00
247,B015,4.1,2026-02-06T06:00:00
247,B016,3.6,2025-03-22T18:00:00
247,B004,3.9,2026-01-15T01:00:00
247,B001,3.8,2025-07-07T06:00:00
247,B017,3.8,2025-02-04T07:00:00
247,B011,3.4,2025-09-29T13:00:00
248,B011,3.5,2025-06-06T20:00:00
248,B014,3.6,2025-10-20T02:00:00
248,B013,2.9,2025-11-06T06:00:00
248,B017,5.0,2026-01-11T01:00:00
248,B010,4.0,2025-06-13T06:00:00
248,B001,4.1,2025-07-22T08:00:00
248,B020,4.6,2026-03-14T04:00:00
248,B016,2.2,2025-12-22T10:00:00
248,B018,4.4,2025-09-22T15:00:00
248,B007,3.3,2025-01-17T02:00:00
249,B016,3.2,2025-07-07T08:00:00
249,B010,2.9,2025-08-21T17:00:00
249,B013,3.8,2026-04-26T20:00:00
249,B008,3.0,2025-05-31T07:00:00
249,B019,3.1,2026-03-02T23:00:00
250,B011,4.6,2025-09-15T22:00:00
250,B002,2.7,2025-04-23T15:00:00
250,B016,4.1,2026-02-02T23:00:00
250,B007,3.6,2025-07-06T05:00:00
250,B001,3.3,2026-01-20T05:00:00
250,B012,3.5,2025-09-24T18:00:00
250,B006,2.5,2025-07-16T06:00:00
250,B004,3.5,2025-07-20T06:00:00
250,B003,3.3,2026-03-30T00:00:00
